{"type":"FeatureCollection","metadata":{"source":"Natural Earth 1:50m land, lakes (v5.1.2)","url":"https://www.naturalearthdata.com/","license":"Общественное достояние","generator":"tools/basemap.py","simplify_tolerance_deg":0.04},"features":[{"type":"Feature","properties":{"kind":"land"},"geometry":{"type":"MultiPolygon","coordinates":[[[[-149.64,-17.56],[-149.51,-17.5],[-149.38,-17.52],[-149.32,-17.69],[-149.18,-17.74],[-149.18,-17.86],[-149.34,-17.73],[-149.58,-17.73],[-149.64,-17.56]]],[[[-123.39,48.67],[-123.31,48.41],[-123.45,48.43],[-123.57,48.32],[-123.92,48.39],[-125.12,48.76],[-125.14,48.82],[-124.85,49.03],[-124.81,49.21],[-124.93,49.01],[-125.36,49.0],[-125.49,48.93],[-125.83,49.09],[-125.64,49.19],[-125.84,49.28],[-125.95,49.25],[-125.94,49.4],[-126.02,49.37],[-126.24,49.44],[-126.3,49.38],[-126.44,49.45],[-126.52,49.4],[-126.54,49.59],[-126.13,49.67],[-126.53,49.72],[-126.68,49.88],[-126.9,49.94],[-127.11,49.88],[-127.25,50.14],[-127.35,50.05],[-127.47,50.16],[-127.86,50.13],[-127.84,50.29],[-127.96,50.35],[-127.91,50.45],[-127.64,50.48],[-127.49,50.4],[-127.53,50.54],[-127.47,50.58],[-127.75,50.61],[-127.73,50.54],[-128.06,50.5],[-128.27,50.61],[-128.35,50.74],[-128.24,50.83],[-127.92,50.86],[-126.7,50.52],[-125.53,50.34],[-124.9,49.69],[-124.93,49.64],[-124.83,49.53],[-124.64,49.43],[-124.19,49.3],[-123.85,49.12],[-123.5,48.58],[-123.44,48.69],[-123.39,48.67]]],[[[-126.95,49.74],[-126.9,49.78],[-126.93,49.84],[-126.83,49.87],[-126.7,49.81],[-126.64,49.61],[-126.95,49.74]]],[[[-125.35,50.35],[-125.3,50.41],[-125.2,50.39],[-125.07,50.22],[-125.2,50.04],[-125.35,50.35]]],[[[-177.64,51.83],[-177.93,51.62],[-178.08,51.69],[-177.98,51.74],[-178.19,51.88],[-177.95,51.92],[-177.64,51.83]]],[[[-176.96,51.6],[-176.87,51.79],[-176.74,51.84],[-176.7,51.99],[-176.55,51.94],[-176.59,51.83],[-176.44,51.82],[-176.45,51.74],[-176.96,51.6]]],[[[-173.46,52.04],[-173.93,52.07],[-173.99,52.12],[-173.02,52.08],[-173.46,52.04]]],[[[-174.31,52.22],[-174.26,52.27],[-174.44,52.32],[-174.17,52.42],[-174.02,52.33],[-174.05,52.25],[-174.18,52.2],[-174.12,52.14],[-174.34,52.08],[-175.3,52.02],[-174.31,52.22]]],[[[-128.36,52.78],[-128.25,52.78],[-128.32,52.46],[-128.45,52.39],[-128.44,52.7],[-128.36,52.78]]],[[[-131.22,52.15],[-131.42,52.24],[-131.56,52.4],[-132.17,52.78],[-132.26,52.93],[-132.14,53.0],[-132.55,53.14],[-131.89,53.23],[-131.75,53.2],[-131.65,53.1],[-131.63,52.92],[-131.97,52.88],[-131.46,52.7],[-131.59,52.58],[-131.43,52.42],[-131.26,52.42],[-131.32,52.3],[-131.14,52.29],[-131.12,52.22],[-131.22,52.15]]],[[[-128.77,52.6],[-128.75,52.76],[-128.83,52.68],[-129.02,52.76],[-129.18,52.96],[-129.03,53.28],[-128.63,53.11],[-128.55,52.94],[-128.51,52.52],[-128.68,52.29],[-128.77,52.6]]],[[[-167.87,53.39],[-168.27,53.24],[-168.51,53.04],[-169.09,52.83],[-168.8,53.04],[-168.69,53.23],[-168.38,53.28],[-168.4,53.41],[-168.29,53.5],[-167.99,53.56],[-167.8,53.48],[-167.87,53.39]]],[[[-130.52,53.54],[-130.45,53.63],[-130.2,53.55],[-129.94,53.44],[-129.75,53.24],[-129.93,53.18],[-130.52,53.54]]],[[[-167.02,53.7],[-166.82,53.64],[-166.74,53.71],[-167.07,53.78],[-167.12,53.87],[-167.04,53.94],[-166.67,54.01],[-166.57,53.85],[-166.37,54.0],[-166.23,53.93],[-166.55,53.7],[-166.31,53.7],[-166.77,53.48],[-167.52,53.28],[-167.67,53.26],[-167.81,53.32],[-167.14,53.53],[-167.02,53.7]]],[[[-132.35,53.19],[-132.52,53.19],[-132.75,53.31],[-132.69,53.37],[-132.43,53.34],[-132.9,53.56],[-133.08,53.84],[-133.06,54.14],[-132.26,54.08],[-132.17,53.96],[-132.18,53.85],[-132.57,53.66],[-132.19,53.68],[-132.11,53.86],[-132.13,54.03],[-131.67,54.14],[-131.7,53.99],[-131.89,53.71],[-131.96,53.31],[-132.35,53.19]]],[[[-130.45,54.09],[-130.24,53.96],[-130.38,53.84],[-130.59,53.94],[-130.64,53.86],[-130.7,53.95],[-130.45,54.09]]],[[[-163.81,55.05],[-163.55,55.04],[-163.38,54.82],[-163.08,54.67],[-163.36,54.74],[-163.58,54.63],[-164.17,54.6],[-164.4,54.45],[-164.59,54.4],[-164.82,54.42],[-164.9,54.54],[-164.48,54.91],[-164.27,54.9],[-163.81,55.05]]],[[[-132.62,54.89],[-132.71,54.68],[-132.89,54.76],[-133.25,55.18],[-133.42,55.21],[-133.43,55.3],[-133.3,55.33],[-133.1,55.21],[-132.84,54.88],[-132.77,54.93],[-132.62,54.89]]],[[[-131.4,55.21],[-131.23,54.9],[-131.45,54.91],[-131.43,55.0],[-131.59,55.03],[-131.57,55.26],[-131.4,55.21]]],[[[-160.49,55.18],[-160.83,55.17],[-160.84,55.34],[-160.72,55.4],[-160.68,55.31],[-160.55,55.38],[-160.58,55.31],[-160.49,55.18]]],[[[-133.65,55.27],[-133.64,55.41],[-133.74,55.5],[-133.35,55.56],[-133.28,55.5],[-133.65,55.27]]],[[[-132.02,54.73],[-132.19,54.73],[-132.34,54.91],[-132.55,54.95],[-132.62,55.14],[-132.7,55.13],[-132.7,55.03],[-132.78,55.05],[-133.12,55.33],[-132.96,55.4],[-133.08,55.5],[-133.03,55.59],[-133.3,55.61],[-133.37,55.69],[-133.55,55.69],[-133.68,55.79],[-133.32,55.84],[-133.24,55.92],[-133.29,56.02],[-133.68,55.94],[-133.76,56.0],[-133.53,56.15],[-133.59,56.22],[-133.57,56.34],[-133.2,56.32],[-133.08,56.19],[-133.1,56.09],[-132.6,55.9],[-132.17,55.48],[-132.51,55.59],[-132.63,55.47],[-132.42,55.48],[-132.16,55.32],[-132.21,55.22],[-131.98,55.21],[-132.02,54.73]]],[[[-131.19,55.21],[-131.42,55.28],[-131.45,55.41],[-131.76,55.17],[-131.85,55.42],[-131.65,55.59],[-131.62,55.83],[-131.24,55.95],[-130.97,55.67],[-131.01,55.38],[-131.19,55.21]]],[[[-132.7,56.2],[-132.38,56.5],[-132.07,56.24],[-132.13,55.94],[-132.37,55.94],[-132.45,56.06],[-132.66,56.08],[-132.7,56.2]]],[[[-133.04,56.36],[-132.9,56.45],[-132.64,56.44],[-132.67,56.29],[-132.83,56.24],[-133.04,56.36]]],[[[-134.27,56.92],[-134.05,56.9],[-133.92,56.78],[-133.83,56.78],[-133.74,56.65],[-133.86,56.58],[-133.95,56.13],[-134.19,56.08],[-134.25,56.2],[-134.2,56.41],[-134.08,56.46],[-134.29,56.58],[-134.38,56.72],[-134.37,56.84],[-134.27,56.92]]],[[[-132.6,56.64],[-132.57,56.58],[-132.93,56.52],[-132.84,56.79],[-132.6,56.64]]],[[[-133.71,57.06],[-133.07,56.97],[-132.95,56.88],[-132.98,56.65],[-133.03,56.62],[-133.33,56.83],[-133.16,56.61],[-133.16,56.5],[-133.6,56.46],[-133.68,56.8],[-133.98,57.01],[-133.71,57.06]]],[[[-135.16,56.82],[-135.33,56.82],[-135.32,56.93],[-135.2,57.03],[-135.34,57.08],[-135.38,57.19],[-135.5,57.24],[-135.61,57.07],[-135.81,57.01],[-135.77,57.1],[-135.82,57.28],[-135.62,57.35],[-135.45,57.53],[-134.97,57.35],[-134.63,56.76],[-134.65,56.23],[-134.75,56.24],[-134.95,56.46],[-134.98,56.56],[-134.88,56.68],[-135.02,56.66],[-135.16,56.73],[-135.16,56.82]]],[[[-153.27,57.23],[-153.73,57.05],[-153.65,57.03],[-153.64,56.96],[-153.97,56.77],[-154.07,56.82],[-153.79,56.99],[-154.1,57.02],[-154.04,57.12],[-154.24,57.14],[-154.38,57.1],[-154.24,57.09],[-154.18,57.01],[-154.26,56.91],[-154.34,56.92],[-154.5,57.04],[-154.71,57.37],[-154.54,57.56],[-154.12,57.65],[-153.69,57.31],[-153.8,57.44],[-153.84,57.64],[-153.69,57.66],[-153.9,57.82],[-153.7,57.87],[-153.49,57.73],[-153.39,57.8],[-153.22,57.8],[-153.17,57.91],[-153.23,57.96],[-153.16,57.97],[-152.85,57.9],[-152.89,57.77],[-152.62,57.85],[-152.43,57.83],[-152.48,57.7],[-152.22,57.58],[-152.41,57.45],[-152.94,57.5],[-153.0,57.47],[-152.78,57.45],[-152.68,57.35],[-153.27,57.23]]],[[[-134.44,57.06],[-134.55,57.06],[-134.62,57.2],[-134.49,57.48],[-134.66,57.64],[-134.92,58.35],[-134.68,58.16],[-134.24,58.14],[-133.97,57.87],[-133.83,57.62],[-134.21,58.04],[-134.31,58.03],[-134.27,57.88],[-133.94,57.58],[-133.97,57.45],[-133.91,57.35],[-134.1,57.3],[-134.44,57.06]]],[[[-135.69,57.42],[-135.91,57.45],[-136.08,57.67],[-136.57,57.97],[-136.51,58.1],[-136.32,58.22],[-136.14,58.1],[-136.09,58.2],[-135.79,58.27],[-135.59,58.15],[-135.62,58.06],[-135.69,58.04],[-135.61,57.99],[-135.37,58.12],[-134.95,58.02],[-134.97,57.82],[-135.34,57.77],[-134.98,57.72],[-134.87,57.59],[-134.93,57.48],[-135.56,57.67],[-135.69,57.42]]],[[[-152.93,57.99],[-153.38,58.09],[-152.98,58.3],[-152.77,58.28],[-152.84,58.42],[-152.67,58.45],[-151.97,58.31],[-152.11,58.16],[-152.27,58.25],[-152.33,58.21],[-152.31,58.13],[-152.54,58.1],[-152.6,58.16],[-152.68,58.06],[-152.93,57.99]]],[[[-166.18,60.4],[-165.73,60.31],[-165.71,60.07],[-165.59,59.91],[-166.1,59.85],[-166.15,59.76],[-167.14,60.01],[-167.44,60.21],[-166.84,60.22],[-166.73,60.32],[-166.18,60.4]]],[[[-147.12,60.36],[-146.96,60.29],[-147.54,59.87],[-147.87,59.83],[-147.12,60.36]]],[[[-146.6,60.27],[-146.7,60.41],[-146.56,60.48],[-146.1,60.41],[-146.6,60.27]]],[[[-172.39,60.4],[-172.23,60.3],[-172.64,60.33],[-173.07,60.49],[-173.05,60.57],[-172.92,60.61],[-172.74,60.46],[-172.39,60.4]]],[[[-170.19,63.2],[-170.53,63.38],[-170.95,63.45],[-171.52,63.33],[-171.82,63.48],[-171.75,63.7],[-171.65,63.73],[-171.45,63.62],[-171.03,63.59],[-170.43,63.7],[-170.12,63.62],[-170.02,63.49],[-169.55,63.37],[-168.72,63.31],[-168.85,63.17],[-169.36,63.17],[-169.68,62.96],[-169.82,63.12],[-170.19,63.2]]],[[[-177.59,68.22],[-177.3,68.22],[-175.35,67.68],[-175.23,67.45],[-175.37,67.36],[-175.0,67.44],[-174.85,67.35],[-174.94,67.09],[-174.78,66.92],[-174.77,66.78],[-174.92,66.62],[-174.5,66.54],[-174.39,66.34],[-174.08,66.47],[-174.02,66.38],[-174.07,66.23],[-173.77,66.43],[-174.23,66.63],[-174.06,66.69],[-174.01,66.78],[-174.09,66.94],[-174.55,67.09],[-173.68,67.14],[-173.16,67.07],[-173.32,66.95],[-173.35,66.85],[-173.26,66.84],[-173.18,66.86],[-173.19,66.99],[-172.52,66.95],[-173.01,67.06],[-171.8,66.93],[-171.36,66.68],[-170.47,66.32],[-170.6,66.25],[-170.3,66.29],[-170.19,66.2],[-170.24,66.17],[-169.78,66.14],[-169.73,66.06],[-169.83,66.0],[-170.16,66.01],[-170.54,65.87],[-170.56,65.66],[-170.67,65.62],[-171.45,65.79],[-171.05,65.55],[-171.17,65.5],[-171.91,65.5],[-172.44,65.67],[-172.78,65.68],[-172.35,65.5],[-172.42,65.45],[-172.23,65.46],[-172.31,65.28],[-172.66,65.25],[-172.29,65.21],[-172.21,65.05],[-172.59,64.91],[-173.07,64.85],[-172.8,64.79],[-172.92,64.7],[-172.9,64.63],[-172.49,64.54],[-172.38,64.43],[-172.74,64.41],[-172.79,64.5],[-172.9,64.53],[-172.95,64.51],[-172.92,64.37],[-173.16,64.28],[-173.38,64.35],[-173.31,64.44],[-173.33,64.54],[-173.6,64.37],[-173.73,64.36],[-174.57,64.72],[-175.04,64.81],[-175.44,64.82],[-175.85,65.01],[-175.86,65.23],[-176.09,65.47],[-177.06,65.61],[-177.49,65.5],[-178.41,65.5],[-178.53,65.59],[-178.5,65.74],[-178.79,65.86],[-178.94,66.03],[-178.75,66.01],[-178.59,66.2],[-178.53,66.4],[-178.87,66.19],[-179.11,66.23],[-179.14,66.38],[-179.34,66.29],[-179.33,66.16],[-179.62,66.13],[-179.68,66.18],[-179.79,65.9],[-179.73,65.8],[-179.37,65.64],[-179.35,65.52],[-179.7,65.19],[-180.0,65.07],[-180.0,68.98],[-178.87,68.75],[-178.54,68.59],[-178.75,68.66],[-178.69,68.55],[-178.1,68.42],[-178.02,68.32],[-178.06,68.26],[-177.8,68.34],[-178.37,68.57],[-177.53,68.29],[-177.64,68.24],[-177.59,68.22]]],[[[-177.53,71.26],[-177.52,71.17],[-177.82,71.07],[-179.42,70.92],[-180.0,70.99],[-180.0,71.54],[-179.11,71.6],[-178.35,71.53],[-177.53,71.26]]],[[[-120.18,72.21],[-120.44,71.63],[-120.62,71.51],[-121.47,71.39],[-121.75,71.44],[-122.16,71.27],[-122.84,71.1],[-123.1,71.09],[-123.31,71.17],[-123.68,71.49],[-124.01,71.68],[-125.3,71.97],[-125.85,71.98],[-125.76,72.14],[-125.58,72.18],[-125.63,72.25],[-124.99,72.59],[-125.03,72.64],[-124.97,72.84],[-124.56,72.94],[-124.59,73.01],[-124.82,73.06],[-124.8,73.13],[-124.42,73.42],[-124.11,73.53],[-124.03,73.64],[-123.8,73.77],[-124.19,73.9],[-124.7,74.35],[-121.5,74.55],[-119.56,74.23],[-119.73,74.11],[-119.47,74.2],[-119.21,74.2],[-119.12,74.02],[-118.54,74.24],[-117.51,74.23],[-115.63,73.67],[-115.39,73.5],[-115.52,73.42],[-118.96,72.68],[-119.51,72.3],[-120.18,72.21]]],[[[-118.33,75.58],[-118.82,75.52],[-119.39,75.62],[-117.75,76.11],[-117.5,76.08],[-118.33,75.58]]],[[[-117.49,76.27],[-117.99,76.41],[-118.01,76.5],[-117.81,76.73],[-117.82,76.8],[-118.3,76.74],[-118.47,76.55],[-118.79,76.51],[-118.8,76.46],[-118.62,76.37],[-118.99,76.14],[-119.17,76.13],[-119.58,76.33],[-119.65,76.28],[-119.64,76.16],[-119.74,76.12],[-119.53,76.0],[-119.91,75.86],[-120.41,75.83],[-120.56,76.01],[-120.85,76.18],[-121.02,76.02],[-121.21,75.98],[-121.91,76.03],[-122.4,75.94],[-122.64,76.01],[-122.55,76.08],[-122.59,76.16],[-122.9,76.13],[-122.42,76.39],[-121.56,76.45],[-121.1,76.66],[-120.49,76.79],[-120.31,76.9],[-119.09,77.31],[-118.01,77.38],[-117.42,77.32],[-116.84,77.34],[-116.7,77.38],[-117.04,77.47],[-116.51,77.55],[-115.48,77.32],[-116.33,77.14],[-115.81,76.94],[-116.25,76.9],[-115.95,76.71],[-116.22,76.61],[-117.0,76.53],[-117.04,76.37],[-117.23,76.28],[-117.49,76.27]]],[[[-90.27,-0.48],[-90.19,-0.54],[-90.19,-0.66],[-90.33,-0.77],[-90.54,-0.68],[-90.47,-0.52],[-90.27,-0.48]]],[[[-91.49,0.11],[-91.36,0.13],[-91.21,-0.04],[-91.18,-0.22],[-90.98,-0.42],[-90.96,-0.6],[-90.8,-0.75],[-90.91,-0.94],[-91.13,-1.02],[-91.42,-1.0],[-91.48,-0.92],[-91.46,-0.8],[-91.12,-0.56],[-91.37,-0.29],[-91.43,-0.02],[-91.55,-0.05],[-91.6,0.0],[-91.49,0.11]]],[[[-91.76,70.33],[-91.56,70.18],[-91.86,70.13],[-92.32,70.24],[-92.51,70.1],[-91.98,70.04],[-92.89,69.67],[-92.31,69.67],[-91.91,69.53],[-91.2,69.64],[-91.15,69.64],[-91.44,69.53],[-90.45,69.48],[-90.68,69.43],[-90.89,69.27],[-91.06,69.32],[-91.24,69.29],[-90.74,69.11],[-90.48,68.88],[-90.54,68.82],[-90.51,68.69],[-90.57,68.47],[-90.2,68.26],[-89.9,68.49],[-89.88,68.63],[-89.67,69.01],[-89.28,69.26],[-89.06,69.27],[-88.22,68.92],[-87.96,68.71],[-87.81,68.35],[-87.89,68.25],[-88.11,68.25],[-88.24,68.34],[-88.35,68.29],[-88.31,67.95],[-88.2,67.77],[-87.5,67.36],[-87.36,67.18],[-86.56,67.48],[-86.4,67.8],[-85.95,68.07],[-85.73,68.45],[-85.69,68.67],[-85.49,68.77],[-84.87,68.77],[-85.11,68.84],[-85.08,68.91],[-84.92,68.96],[-84.86,69.07],[-85.39,69.23],[-85.42,69.55],[-85.5,69.65],[-85.45,69.78],[-85.51,69.85],[-84.32,69.84],[-83.67,69.7],[-82.37,69.64],[-82.5,69.53],[-82.75,69.49],[-82.31,69.41],[-82.23,69.25],[-81.95,69.28],[-81.38,69.19],[-81.33,69.12],[-81.96,68.88],[-81.38,68.85],[-81.25,68.74],[-81.28,68.66],[-81.91,68.46],[-82.21,68.51],[-82.55,68.45],[-82.22,68.15],[-82.01,68.19],[-82.1,68.02],[-82.06,67.93],[-81.29,67.5],[-81.3,67.36],[-81.47,67.07],[-81.93,66.97],[-82.26,66.74],[-83.41,66.37],[-83.59,66.39],[-84.0,66.73],[-84.32,66.78],[-84.36,66.82],[-84.27,66.84],[-84.54,66.97],[-84.85,67.03],[-85.11,66.91],[-85.02,66.87],[-84.74,66.93],[-84.22,66.68],[-83.83,66.29],[-83.8,66.24],[-83.87,66.21],[-84.29,66.29],[-84.48,66.18],[-84.63,66.21],[-85.1,66.33],[-85.44,66.54],[-85.6,66.57],[-86.71,66.52],[-86.69,66.46],[-86.75,66.42],[-86.69,66.36],[-86.11,66.23],[-85.96,66.12],[-87.08,65.44],[-87.45,65.34],[-87.97,65.35],[-88.74,65.68],[-89.75,65.94],[-89.94,65.93],[-89.85,65.87],[-89.89,65.87],[-91.43,65.95],[-91.04,65.83],[-91.06,65.9],[-90.98,65.92],[-89.92,65.78],[-88.97,65.35],[-87.03,65.2],[-87.03,65.06],[-87.28,64.83],[-88.11,64.18],[-88.82,63.99],[-89.2,64.11],[-89.13,63.97],[-89.62,64.03],[-89.81,64.18],[-90.04,64.14],[-90.08,64.13],[-89.86,63.96],[-90.17,63.98],[-90.01,63.8],[-90.15,63.69],[-90.37,63.62],[-90.6,63.66],[-90.81,63.58],[-91.93,63.76],[-91.98,63.82],[-92.34,63.79],[-93.43,64.03],[-93.7,64.15],[-93.6,64.04],[-93.66,63.94],[-93.56,63.87],[-93.27,63.84],[-93.38,63.95],[-92.16,63.69],[-92.47,63.56],[-91.84,63.7],[-90.97,63.44],[-90.71,63.3],[-90.7,63.06],[-90.78,62.97],[-91.45,62.8],[-92.03,62.86],[-92.36,62.82],[-92.31,62.71],[-91.96,62.64],[-91.94,62.59],[-92.01,62.54],[-92.27,62.59],[-92.55,62.55],[-92.77,62.38],[-92.53,62.17],[-93.21,62.36],[-92.91,62.22],[-93.07,62.15],[-93.02,62.09],[-93.07,62.06],[-93.35,62.03],[-93.27,61.96],[-93.33,61.93],[-93.58,61.94],[-93.31,61.77],[-93.91,61.48],[-93.89,61.34],[-94.08,61.3],[-94.07,61.14],[-94.51,60.6],[-94.76,60.5],[-94.65,60.42],[-94.79,59.95],[-94.79,59.27],[-94.87,59.09],[-94.96,59.07],[-94.78,59.02],[-94.67,58.87],[-94.29,58.72],[-94.33,58.3],[-94.12,58.74],[-93.18,58.73],[-93.1,58.49],[-92.43,57.32],[-92.61,57.04],[-92.8,56.92],[-92.46,57.04],[-92.3,57.05],[-92.36,56.97],[-91.11,57.24],[-90.59,57.22],[-89.79,56.98],[-88.83,56.81],[-88.08,56.47],[-87.48,56.02],[-85.68,55.6],[-85.22,55.35],[-85.37,55.08],[-85.06,55.29],[-84.52,55.26],[-83.91,55.31],[-82.99,55.23],[-82.39,55.07],[-82.22,54.81],[-82.42,54.24],[-82.24,54.04],[-82.14,53.82],[-82.19,53.61],[-82.16,53.26],[-82.29,53.03],[-81.6,52.43],[-81.61,52.32],[-81.83,52.22],[-81.47,52.2],[-80.66,51.76],[-80.44,51.39],[-80.85,51.12],[-80.48,51.31],[-80.1,51.28],[-79.84,51.17],[-79.35,50.76],[-79.71,51.12],[-79.69,51.35],[-79.5,51.57],[-79.3,51.62],[-79.26,51.55],[-79.04,51.46],[-78.9,51.2],[-78.86,51.38],[-78.73,51.5],[-78.98,51.77],[-78.45,52.26],[-78.53,52.31],[-78.56,52.49],[-78.74,52.66],[-78.72,52.86],[-78.9,53.04],[-79.1,53.66],[-79.04,53.82],[-78.95,53.83],[-79.08,53.93],[-79.0,54.0],[-79.24,54.1],[-79.14,54.16],[-79.36,54.26],[-79.6,54.6],[-79.71,54.67],[-78.48,55.01],[-77.78,55.29],[-77.17,55.66],[-76.76,56.0],[-76.6,56.2],[-76.53,56.5],[-76.57,57.18],[-76.89,57.76],[-77.16,58.02],[-77.55,58.24],[-78.51,58.65],[-78.43,58.9],[-77.76,59.38],[-77.86,59.48],[-77.73,59.58],[-77.73,59.68],[-77.35,59.58],[-77.49,59.68],[-77.33,59.8],[-77.37,59.93],[-77.29,60.02],[-77.59,60.09],[-77.45,60.15],[-77.68,60.43],[-77.5,60.54],[-77.79,60.64],[-77.6,60.83],[-78.18,60.82],[-77.77,61.16],[-77.74,61.44],[-77.51,61.56],[-78.02,61.83],[-78.14,62.11],[-78.13,62.28],[-77.9,62.43],[-77.37,62.57],[-76.88,62.53],[-75.68,62.25],[-75.79,62.18],[-75.34,62.31],[-74.63,62.12],[-74.69,62.18],[-74.65,62.21],[-73.71,62.47],[-72.88,62.13],[-72.69,62.12],[-72.63,62.03],[-72.77,61.84],[-72.51,61.92],[-72.23,61.83],[-72.04,61.68],[-72.22,61.59],[-71.87,61.69],[-71.64,61.62],[-71.62,61.57],[-71.85,61.44],[-71.65,61.41],[-71.74,61.34],[-71.42,61.16],[-70.72,61.06],[-70.28,61.07],[-70.16,61.02],[-70.1,60.88],[-69.99,60.86],[-69.71,60.91],[-69.62,61.05],[-69.47,61.01],[-69.4,60.85],[-69.64,60.69],[-69.75,60.49],[-69.74,60.33],[-69.63,60.2],[-69.67,60.08],[-69.96,60.02],[-70.65,60.03],[-69.73,59.92],[-69.58,59.68],[-69.69,59.49],[-69.68,59.34],[-69.34,59.3],[-69.45,59.18],[-69.41,59.09],[-69.53,58.87],[-69.65,58.82],[-69.78,58.96],[-69.87,58.86],[-70.15,58.76],[-69.79,58.69],[-69.27,58.88],[-68.7,58.9],[-68.38,58.74],[-68.23,58.48],[-68.36,58.16],[-68.47,58.08],[-69.04,57.9],[-68.41,58.05],[-68.18,58.4],[-68.02,58.49],[-67.89,58.3],[-68.06,58.14],[-67.76,58.4],[-67.68,57.99],[-67.57,58.21],[-66.72,58.49],[-66.36,58.79],[-66.09,58.66],[-66.0,58.43],[-65.92,58.57],[-66.04,58.82],[-65.85,58.85],[-65.92,58.91],[-65.84,58.98],[-65.7,58.97],[-65.72,59.02],[-65.38,59.06],[-65.61,59.11],[-65.7,59.21],[-65.61,59.21],[-65.51,59.35],[-65.41,59.31],[-65.48,59.47],[-65.04,59.39],[-65.41,59.54],[-65.49,59.65],[-65.43,59.78],[-65.29,59.82],[-65.03,59.77],[-65.16,59.83],[-65.17,59.91],[-64.82,60.33],[-64.5,60.27],[-64.42,60.17],[-64.77,60.01],[-64.28,60.06],[-64.18,59.97],[-64.23,59.74],[-64.06,59.82],[-63.75,59.51],[-63.95,59.38],[-63.78,59.35],[-63.78,59.28],[-63.54,59.33],[-63.42,59.19],[-63.65,59.08],[-63.97,59.05],[-63.25,59.07],[-63.31,59.03],[-63.22,58.93],[-63.28,58.87],[-63.05,58.88],[-62.87,58.67],[-63.39,58.45],[-63.54,58.33],[-63.21,58.47],[-63.13,58.41],[-62.59,58.47],[-62.81,58.2],[-63.26,58.01],[-62.49,58.15],[-62.31,57.97],[-61.96,57.91],[-61.9,57.86],[-61.99,57.77],[-61.93,57.67],[-61.97,57.61],[-62.34,57.48],[-62.5,57.49],[-61.92,57.42],[-61.85,57.37],[-61.98,57.25],[-61.63,57.18],[-61.33,57.01],[-61.37,56.68],[-62.06,56.7],[-62.38,56.79],[-62.3,56.83],[-62.5,56.8],[-61.74,56.53],[-62.01,56.45],[-61.94,56.42],[-61.43,56.36],[-61.71,56.29],[-61.71,56.23],[-61.36,56.22],[-61.3,56.05],[-61.45,56.0],[-61.19,55.96],[-61.09,55.87],[-60.74,55.94],[-60.56,55.73],[-60.48,55.81],[-60.34,55.78],[-60.41,55.65],[-60.19,55.48],[-60.62,55.06],[-60.21,55.24],[-59.76,55.31],[-59.69,55.2],[-59.44,55.18],[-59.84,54.81],[-59.26,55.2],[-59.0,55.15],[-58.78,54.84],[-58.4,54.77],[-58.2,54.87],[-57.96,54.88],[-57.93,54.77],[-57.83,54.72],[-57.4,54.59],[-57.7,54.39],[-58.15,54.35],[-58.44,54.23],[-58.63,54.05],[-58.92,54.03],[-59.5,53.83],[-59.82,53.83],[-60.06,53.73],[-60.14,53.6],[-60.4,53.65],[-60.1,53.49],[-60.29,53.39],[-60.25,53.34],[-60.33,53.27],[-60.15,53.31],[-59.83,53.5],[-59.32,53.64],[-58.65,53.98],[-57.93,54.1],[-58.32,54.11],[-58.36,54.15],[-58.31,54.2],[-57.42,54.16],[-57.13,53.79],[-57.52,53.61],[-57.39,53.56],[-57.33,53.47],[-56.84,53.74],[-56.52,53.77],[-56.35,53.62],[-56.11,53.59],[-55.97,53.47],[-55.8,53.21],[-55.89,53.0],[-55.83,52.88],[-55.87,52.74],[-55.8,52.64],[-56.32,52.54],[-55.75,52.47],[-55.71,52.43],[-55.78,52.36],[-56.01,52.39],[-55.67,52.19],[-56.02,51.93],[-56.98,51.46],[-57.46,51.47],[-58.09,51.31],[-58.51,51.3],[-59.17,50.78],[-59.82,50.42],[-59.89,50.32],[-60.08,50.25],[-60.81,50.25],[-61.72,50.1],[-61.92,50.23],[-62.72,50.3],[-63.24,50.24],[-63.85,50.31],[-64.17,50.27],[-65.27,50.32],[-65.76,50.26],[-65.96,50.29],[-66.13,50.2],[-66.5,50.21],[-66.94,49.99],[-67.37,49.35],[-68.28,49.2],[-68.22,49.15],[-68.54,49.06],[-68.93,48.83],[-69.37,48.39],[-69.67,48.2],[-71.02,48.46],[-70.84,48.37],[-70.5,48.35],[-69.97,48.21],[-69.78,48.1],[-69.99,47.74],[-70.45,47.42],[-70.71,47.14],[-71.27,46.8],[-71.88,46.69],[-72.2,46.56],[-72.68,46.29],[-72.98,46.21],[-73.48,45.74],[-73.71,45.71],[-74.04,45.5],[-74.32,45.53],[-74.0,45.43],[-73.97,45.35],[-74.71,45.0],[-73.76,45.4],[-73.56,45.43],[-73.16,46.01],[-72.73,46.18],[-72.11,46.55],[-71.26,46.76],[-70.52,47.03],[-70.07,47.38],[-69.47,47.97],[-68.82,48.37],[-68.24,48.63],[-66.6,49.13],[-65.52,49.27],[-64.84,49.19],[-64.57,49.1],[-64.22,48.87],[-64.21,48.81],[-64.51,48.84],[-64.25,48.69],[-64.25,48.55],[-64.35,48.42],[-64.63,48.36],[-64.82,48.2],[-65.26,48.02],[-65.48,48.03],[-65.93,48.19],[-66.08,48.1],[-66.45,48.12],[-66.7,48.02],[-66.36,48.06],[-65.85,47.91],[-65.61,47.67],[-65.0,47.85],[-65.05,47.79],[-64.7,47.72],[-64.85,47.57],[-64.91,47.37],[-65.32,47.1],[-65.19,47.05],[-64.83,47.06],[-64.91,46.89],[-64.82,46.7],[-64.73,46.67],[-64.65,46.36],[-64.54,46.24],[-63.92,46.17],[-63.83,46.11],[-64.06,46.02],[-63.7,45.86],[-63.51,45.87],[-63.29,45.75],[-62.7,45.74],[-62.75,45.65],[-62.48,45.62],[-61.96,45.87],[-61.78,45.66],[-61.49,45.69],[-61.35,45.57],[-61.28,45.44],[-61.46,45.37],[-61.11,45.35],[-61.03,45.29],[-63.31,44.64],[-63.6,44.68],[-63.54,44.54],[-63.61,44.48],[-63.82,44.51],[-64.0,44.64],[-64.1,44.49],[-64.17,44.59],[-64.29,44.55],[-64.34,44.44],[-64.28,44.33],[-64.86,43.87],[-65.09,43.73],[-65.23,43.73],[-65.33,43.67],[-65.34,43.55],[-65.48,43.52],[-65.74,43.56],[-65.89,43.8],[-65.98,43.81],[-66.04,43.74],[-66.13,43.81],[-66.19,44.14],[-66.1,44.37],[-65.87,44.57],[-66.15,44.44],[-66.09,44.5],[-65.92,44.62],[-65.62,44.68],[-65.5,44.76],[-65.73,44.7],[-64.9,45.12],[-64.45,45.26],[-64.41,45.31],[-64.45,45.34],[-64.33,45.31],[-64.35,45.14],[-64.14,45.02],[-64.18,45.15],[-64.09,45.22],[-63.37,45.36],[-64.6,45.41],[-64.75,45.32],[-64.87,45.35],[-64.91,45.37],[-64.83,45.48],[-64.31,45.84],[-64.48,45.81],[-64.63,45.95],[-64.59,45.81],[-64.78,45.64],[-65.88,45.22],[-66.11,45.32],[-66.03,45.42],[-66.18,45.34],[-66.11,45.26],[-66.14,45.23],[-66.44,45.1],[-66.51,45.14],[-66.87,45.07],[-66.92,45.15],[-67.12,45.17],[-67.11,44.89],[-66.99,44.83],[-67.19,44.68],[-67.36,44.7],[-67.65,44.56],[-67.84,44.58],[-67.91,44.45],[-68.06,44.38],[-68.15,44.5],[-68.37,44.45],[-68.45,44.51],[-68.53,44.26],[-68.81,44.34],[-68.71,44.44],[-68.79,44.45],[-68.76,44.57],[-68.96,44.43],[-69.07,44.1],[-69.23,43.99],[-69.34,44.0],[-69.52,43.9],[-69.56,43.98],[-69.62,43.88],[-69.65,43.99],[-69.73,43.85],[-69.8,43.91],[-69.81,43.77],[-69.87,43.82],[-69.97,43.79],[-69.97,43.86],[-70.18,43.77],[-70.27,43.67],[-70.2,43.63],[-70.73,43.07],[-70.83,42.83],[-70.74,42.67],[-70.62,42.67],[-70.61,42.62],[-70.83,42.55],[-71.05,42.33],[-70.74,42.23],[-70.62,42.04],[-70.66,41.99],[-70.55,41.94],[-70.51,41.8],[-70.43,41.76],[-70.3,41.73],[-70.0,41.83],[-70.11,42.03],[-70.24,42.09],[-70.11,42.08],[-69.98,41.96],[-69.95,41.68],[-70.4,41.63],[-70.66,41.53],[-70.7,41.71],[-71.17,41.49],[-71.2,41.64],[-71.15,41.75],[-71.27,41.68],[-71.39,41.8],[-71.36,41.7],[-71.52,41.38],[-72.92,41.29],[-73.58,41.02],[-73.99,40.75],[-73.87,41.06],[-73.88,41.17],[-73.97,41.25],[-73.93,40.91],[-74.26,40.53],[-74.24,40.46],[-74.0,40.45],[-73.97,40.4],[-74.08,39.79],[-74.06,39.99],[-74.26,39.61],[-74.33,39.54],[-74.41,39.55],[-74.43,39.39],[-74.58,39.32],[-74.79,39.0],[-74.92,38.94],[-74.9,39.15],[-75.14,39.21],[-75.52,39.49],[-75.42,39.79],[-75.15,39.87],[-75.07,39.98],[-75.46,39.78],[-75.59,39.64],[-75.57,39.48],[-75.41,39.28],[-75.31,38.97],[-75.09,38.78],[-75.19,38.59],[-75.07,38.58],[-75.04,38.43],[-75.07,38.37],[-75.12,38.41],[-75.16,38.26],[-75.35,38.07],[-75.59,37.56],[-75.81,37.43],[-75.93,37.15],[-76.0,37.26],[-75.98,37.4],[-75.66,37.95],[-75.85,37.97],[-75.8,38.09],[-75.93,38.17],[-75.86,38.36],[-76.05,38.28],[-76.26,38.44],[-76.26,38.6],[-76.02,38.63],[-76.21,38.76],[-76.34,38.71],[-76.3,38.82],[-76.17,38.85],[-76.24,38.94],[-76.33,38.91],[-76.31,39.01],[-76.19,38.99],[-76.14,39.08],[-76.13,39.12],[-76.22,39.06],[-76.24,39.19],[-76.07,39.37],[-75.88,39.38],[-76.0,39.41],[-75.87,39.51],[-75.97,39.5],[-75.96,39.59],[-76.06,39.56],[-76.1,39.43],[-76.22,39.38],[-76.25,39.44],[-76.28,39.32],[-76.33,39.4],[-76.42,39.23],[-76.57,39.27],[-76.43,39.13],[-76.47,39.03],[-76.56,39.07],[-76.49,38.95],[-76.5,38.53],[-76.39,38.37],[-76.57,38.44],[-76.68,38.61],[-76.67,38.54],[-76.64,38.45],[-76.41,38.27],[-76.34,38.09],[-76.77,38.26],[-76.87,38.39],[-76.89,38.29],[-77.0,38.45],[-77.23,38.41],[-77.22,38.54],[-77.02,38.78],[-77.03,38.89],[-77.05,38.78],[-77.26,38.6],[-77.31,38.4],[-77.23,38.34],[-77.05,38.36],[-76.91,38.2],[-76.55,38.09],[-76.26,37.89],[-76.34,37.68],[-76.49,37.68],[-76.94,38.1],[-77.11,38.17],[-76.55,37.67],[-76.31,37.57],[-76.37,37.53],[-76.27,37.5],[-76.26,37.36],[-76.4,37.39],[-76.39,37.3],[-76.45,37.27],[-76.76,37.51],[-76.28,37.05],[-76.4,36.99],[-76.63,37.22],[-77.25,37.33],[-76.67,37.17],[-76.49,36.9],[-76.24,36.95],[-76.0,36.91],[-75.76,36.23],[-75.53,35.82],[-75.73,36.1],[-75.95,36.66],[-75.99,36.47],[-75.82,36.11],[-76.15,36.28],[-76.15,36.15],[-76.27,36.19],[-76.23,36.12],[-76.38,36.13],[-76.56,36.02],[-76.68,36.08],[-76.73,36.23],[-76.73,35.96],[-76.07,35.97],[-76.08,35.69],[-76.0,35.72],[-75.98,35.9],[-75.85,35.96],[-75.76,35.84],[-75.77,35.65],[-76.17,35.35],[-76.49,35.4],[-76.58,35.53],[-76.74,35.43],[-77.04,35.53],[-76.51,35.27],[-76.63,35.07],[-76.78,34.99],[-77.07,35.15],[-76.97,35.03],[-76.74,34.94],[-76.46,34.99],[-76.36,34.94],[-76.44,34.84],[-76.73,34.71],[-77.13,34.71],[-77.3,34.6],[-77.41,34.73],[-77.38,34.53],[-77.75,34.28],[-77.93,33.94],[-77.95,34.17],[-78.01,33.91],[-78.41,33.92],[-78.84,33.72],[-79.14,33.41],[-79.19,33.24],[-79.23,33.4],[-79.28,33.14],[-79.59,33.0],[-79.61,32.91],[-79.8,32.79],[-79.93,32.81],[-79.89,32.73],[-79.94,32.67],[-80.36,32.5],[-80.63,32.51],[-80.47,32.42],[-80.58,32.29],[-80.65,32.4],[-80.71,32.34],[-80.8,32.45],[-80.69,32.22],[-80.85,32.11],[-80.92,31.94],[-81.11,31.88],[-81.07,31.79],[-81.2,31.7],[-81.17,31.61],[-81.26,31.54],[-81.18,31.53],[-81.29,31.37],[-81.38,31.35],[-81.29,31.26],[-81.36,31.17],[-81.44,31.2],[-81.46,31.13],[-81.52,30.8],[-81.25,29.79],[-80.9,29.05],[-80.52,28.49],[-80.58,28.27],[-80.46,27.9],[-80.61,28.18],[-80.61,28.52],[-80.69,28.34],[-80.73,28.46],[-80.69,28.58],[-80.84,28.76],[-80.75,28.38],[-80.13,27.08],[-80.05,26.81],[-80.13,25.83],[-80.16,25.88],[-80.3,25.62],[-80.37,25.33],[-80.48,25.23],[-81.11,25.14],[-81.17,25.23],[-81.14,25.31],[-80.97,25.22],[-80.94,25.26],[-81.11,25.37],[-81.36,25.83],[-81.72,25.98],[-81.87,26.44],[-81.96,26.49],[-81.83,26.69],[-82.04,26.55],[-82.07,26.89],[-82.01,26.96],[-82.18,26.94],[-82.18,26.84],[-82.29,26.87],[-82.71,27.5],[-82.64,27.52],[-82.4,27.84],[-82.64,27.98],[-82.68,27.96],[-82.6,27.87],[-82.66,27.72],[-82.74,27.71],[-82.84,27.85],[-82.66,28.49],[-82.65,28.89],[-82.77,29.05],[-83.29,29.45],[-83.69,29.93],[-84.04,30.1],[-84.31,30.06],[-84.38,29.91],[-85.32,29.68],[-85.41,29.77],[-85.41,29.84],[-85.31,29.76],[-85.35,29.88],[-85.68,30.12],[-85.62,30.12],[-85.66,30.19],[-85.6,30.29],[-85.74,30.24],[-85.76,30.17],[-86.45,30.4],[-86.12,30.41],[-86.26,30.49],[-87.2,30.34],[-86.99,30.43],[-87.0,30.57],[-87.07,30.5],[-87.17,30.54],[-87.28,30.34],[-87.48,30.29],[-87.45,30.39],[-87.62,30.26],[-88.01,30.23],[-87.79,30.29],[-87.92,30.45],[-88.01,30.69],[-88.14,30.37],[-88.69,30.36],[-88.91,30.42],[-89.32,30.35],[-89.59,30.17],[-90.13,30.37],[-90.23,30.38],[-90.33,30.28],[-90.41,30.14],[-90.18,30.03],[-89.74,30.17],[-89.67,30.12],[-89.82,30.01],[-89.63,29.9],[-89.49,30.06],[-89.4,30.05],[-89.35,29.82],[-89.53,29.77],[-89.72,29.62],[-89.51,29.42],[-89.18,29.34],[-89.02,29.2],[-89.16,29.02],[-89.24,29.08],[-89.38,28.98],[-89.35,29.07],[-89.44,29.19],[-89.79,29.33],[-89.88,29.46],[-90.16,29.54],[-90.05,29.43],[-90.14,29.14],[-90.21,29.1],[-90.3,29.26],[-90.5,29.3],[-90.75,29.13],[-91.29,29.29],[-91.15,29.32],[-91.25,29.56],[-91.33,29.51],[-91.51,29.56],[-91.67,29.75],[-91.82,29.75],[-91.89,29.84],[-92.14,29.7],[-92.08,29.59],[-92.26,29.56],[-92.67,29.6],[-93.18,29.78],[-93.83,29.73],[-93.88,29.81],[-93.77,29.95],[-93.84,29.98],[-93.95,29.81],[-93.89,29.69],[-94.1,29.67],[-94.76,29.38],[-94.53,29.55],[-94.78,29.55],[-94.74,29.75],[-94.83,29.75],[-94.89,29.68],[-95.02,29.7],[-94.89,29.37],[-95.14,29.17],[-95.27,28.96],[-95.85,28.64],[-96.23,28.49],[-96.01,28.63],[-96.37,28.66],[-96.45,28.59],[-96.64,28.71],[-96.52,28.49],[-96.42,28.46],[-96.68,28.34],[-96.77,28.42],[-96.84,28.19],[-96.89,28.16],[-96.93,28.22],[-97.16,28.14],[-97.14,28.06],[-97.03,28.09],[-97.07,27.99],[-97.17,27.88],[-97.43,27.84],[-97.29,27.67],[-97.44,27.33],[-97.52,27.31],[-97.77,27.46],[-97.69,27.29],[-97.49,27.24],[-97.55,26.97],[-97.44,26.49],[-97.21,26.07],[-97.14,26.03],[-97.16,25.75],[-97.51,25.01],[-97.67,24.39],[-97.74,23.76],[-97.75,22.94],[-97.86,22.62],[-97.76,22.11],[-97.58,21.81],[-97.31,21.56],[-97.41,21.27],[-97.38,21.57],[-97.59,21.76],[-97.75,22.03],[-97.64,21.6],[-97.51,21.48],[-97.19,20.72],[-96.46,19.87],[-96.29,19.34],[-95.78,18.81],[-95.92,18.82],[-95.63,18.69],[-95.58,18.69],[-95.72,18.77],[-95.18,18.7],[-95.01,18.57],[-94.8,18.51],[-94.55,18.17],[-94.46,18.17],[-94.19,18.2],[-93.55,18.43],[-92.88,18.47],[-92.71,18.61],[-92.44,18.68],[-91.97,18.72],[-91.88,18.64],[-91.91,18.53],[-91.53,18.46],[-91.28,18.62],[-91.28,18.72],[-91.37,18.81],[-91.34,18.9],[-91.47,18.83],[-91.44,18.89],[-90.96,19.15],[-90.74,19.35],[-90.69,19.73],[-90.49,19.95],[-90.48,20.56],[-90.35,21.01],[-89.82,21.27],[-88.88,21.41],[-88.47,21.57],[-88.01,21.6],[-87.25,21.45],[-87.19,21.55],[-87.37,21.57],[-87.03,21.59],[-86.82,21.42],[-86.77,21.15],[-86.82,21.01],[-86.93,20.79],[-87.42,20.23],[-87.44,19.86],[-87.69,19.64],[-87.65,19.55],[-87.42,19.58],[-87.48,19.44],[-87.66,19.35],[-87.66,19.26],[-87.55,19.32],[-87.5,19.29],[-87.85,18.27],[-88.06,18.52],[-88.03,18.84],[-88.2,18.72],[-88.35,18.36],[-88.13,18.35],[-88.09,18.23],[-88.27,17.61],[-88.2,17.52],[-88.29,17.31],[-88.31,16.63],[-88.56,16.29],[-88.7,16.25],[-88.88,16.02],[-88.89,15.89],[-88.6,15.76],[-88.54,15.85],[-88.59,15.95],[-88.13,15.7],[-87.87,15.88],[-87.7,15.91],[-87.62,15.91],[-87.49,15.79],[-87.29,15.83],[-86.91,15.76],[-86.36,15.78],[-85.94,15.95],[-85.99,16.02],[-85.48,15.9],[-84.97,15.99],[-84.56,15.8],[-84.43,15.83],[-84.52,15.87],[-84.26,15.82],[-83.77,15.41],[-83.97,15.52],[-84.11,15.49],[-84.1,15.4],[-83.93,15.39],[-83.76,15.22],[-83.59,15.27],[-83.5,15.22],[-83.65,15.37],[-83.37,15.24],[-83.29,15.08],[-83.16,14.99],[-83.28,14.81],[-83.34,14.9],[-83.41,14.83],[-83.3,14.75],[-83.19,14.34],[-83.41,14.0],[-83.49,13.74],[-83.57,13.32],[-83.51,12.41],[-83.6,12.4],[-83.63,12.46],[-83.59,12.71],[-83.75,12.5],[-83.65,12.29],[-83.68,12.02],[-83.77,12.06],[-83.83,11.86],[-83.7,11.82],[-83.65,11.64],[-83.87,11.3],[-83.83,11.13],[-83.62,10.88],[-83.35,10.32],[-82.78,9.67],[-82.37,9.43],[-82.34,9.21],[-82.19,9.19],[-82.24,9.03],[-82.08,8.93],[-81.78,8.96],[-81.89,9.14],[-81.55,8.83],[-81.35,8.78],[-81.06,8.81],[-80.55,9.08],[-80.13,9.21],[-79.58,9.6],[-79.11,9.54],[-78.93,9.43],[-78.5,9.41],[-77.83,9.07],[-76.85,8.09],[-76.91,8.03],[-76.9,7.94],[-76.79,7.93],[-76.74,8.0],[-76.77,8.31],[-76.92,8.57],[-76.28,8.99],[-76.03,9.37],[-75.64,9.45],[-75.6,9.54],[-75.68,9.73],[-75.54,10.21],[-75.71,10.14],[-75.55,10.33],[-75.45,10.61],[-75.25,10.78],[-74.84,11.11],[-74.33,11.0],[-74.49,10.93],[-74.52,10.86],[-74.4,10.77],[-74.14,11.32],[-73.31,11.3],[-72.72,11.71],[-72.28,11.89],[-72.14,12.19],[-71.6,12.43],[-71.26,12.34],[-71.14,12.05],[-71.41,11.76],[-71.96,11.57],[-71.84,11.19],[-71.64,11.01],[-71.73,10.99],[-71.59,10.66],[-71.66,10.44],[-71.96,10.11],[-72.11,9.82],[-71.98,9.55],[-71.76,9.34],[-71.74,9.13],[-71.62,9.05],[-71.24,9.16],[-71.09,9.35],[-71.05,9.71],[-71.49,10.53],[-71.54,10.78],[-71.46,10.84],[-71.47,10.96],[-70.23,11.37],[-70.1,11.52],[-69.89,11.44],[-69.8,11.47],[-69.82,11.67],[-70.19,11.62],[-70.29,11.89],[-70.2,12.1],[-70.0,12.18],[-69.86,12.05],[-69.76,11.68],[-69.63,11.48],[-69.23,11.52],[-68.83,11.43],[-68.4,11.16],[-68.27,10.88],[-68.32,10.81],[-68.3,10.69],[-68.14,10.49],[-67.87,10.47],[-66.99,10.61],[-66.25,10.63],[-66.11,10.57],[-66.09,10.47],[-65.85,10.26],[-65.13,10.07],[-64.85,10.1],[-64.19,10.46],[-63.83,10.45],[-63.73,10.5],[-63.86,10.56],[-64.25,10.54],[-64.3,10.64],[-63.5,10.64],[-62.7,10.75],[-62.24,10.7],[-61.88,10.74],[-61.92,10.68],[-62.23,10.63],[-62.38,10.55],[-62.91,10.53],[-62.69,10.29],[-62.66,10.2],[-62.74,10.06],[-62.6,10.12],[-62.6,10.22],[-62.55,10.2],[-62.32,9.78],[-62.22,9.88],[-62.15,9.82],[-62.16,9.98],[-62.08,9.98],[-61.91,9.87],[-61.74,9.63],[-61.77,9.81],[-61.63,9.82],[-61.59,9.89],[-61.31,9.63],[-61.01,9.56],[-60.79,9.36],[-60.84,9.26],[-61.02,9.15],[-61.25,8.6],[-61.62,8.6],[-61.3,8.41],[-60.8,8.59],[-60.48,8.55],[-60.34,8.63],[-60.17,8.62],[-59.98,8.53],[-59.84,8.37],[-59.67,8.36],[-59.2,8.07],[-58.81,7.74],[-58.48,7.33],[-58.48,7.04],[-58.58,6.84],[-58.67,6.39],[-58.41,6.85],[-58.3,6.88],[-57.98,6.79],[-57.54,6.33],[-57.23,6.18],[-57.18,5.53],[-57.06,5.94],[-56.97,5.99],[-56.24,5.89],[-55.94,5.8],[-55.9,5.7],[-55.91,5.89],[-55.83,5.96],[-54.83,5.99],[-54.36,5.91],[-54.05,5.81],[-54.05,5.61],[-54.16,5.36],[-53.99,5.68],[-53.85,5.78],[-53.45,5.56],[-52.9,5.43],[-52.29,4.94],[-52.32,4.77],[-52.22,4.86],[-52.06,4.72],[-51.96,4.51],[-52.0,4.35],[-51.88,4.63],[-51.83,4.64],[-51.65,4.06],[-51.55,4.31],[-51.33,4.22],[-51.22,4.09],[-51.08,3.67],[-50.99,3.08],[-50.68,2.21],[-50.71,2.13],[-50.61,2.1],[-50.46,1.83],[-50.19,1.79],[-49.96,1.66],[-49.88,1.42],[-49.9,1.16],[-50.29,0.84],[-50.76,0.22],[-50.97,0.13],[-51.1,-0.03],[-51.28,-0.09],[-51.4,-0.39],[-51.7,-0.76],[-51.72,-1.02],[-51.92,-1.18],[-51.98,-1.37],[-52.23,-1.36],[-52.66,-1.55],[-52.31,-1.56],[-52.2,-1.64],[-51.95,-1.59],[-50.89,-0.94],[-50.84,-1.04],[-50.92,-1.12],[-50.68,-1.64],[-50.69,-1.76],[-50.4,-2.02],[-50.0,-1.83],[-49.72,-1.93],[-49.31,-1.73],[-49.64,-2.66],[-49.46,-2.5],[-49.21,-1.92],[-48.99,-1.83],[-48.71,-1.49],[-48.6,-1.49],[-48.46,-1.61],[-48.45,-1.52],[-48.35,-1.48],[-48.47,-1.39],[-48.41,-1.23],[-48.45,-1.15],[-48.31,-1.04],[-48.32,-0.96],[-48.12,-0.74],[-48.03,-0.71],[-47.96,-0.77],[-47.81,-0.66],[-47.69,-0.72],[-47.56,-0.67],[-47.42,-0.77],[-47.46,-0.68],[-47.4,-0.63],[-47.13,-0.75],[-46.81,-0.78],[-46.62,-0.97],[-46.22,-1.03],[-46.21,-1.1],[-46.04,-1.1],[-45.64,-1.35],[-45.46,-1.36],[-45.33,-1.72],[-45.18,-1.51],[-45.08,-1.47],[-44.72,-1.73],[-44.78,-1.8],[-44.65,-1.75],[-44.54,-2.05],[-44.66,-2.23],[-44.76,-2.27],[-44.66,-2.37],[-44.58,-2.23],[-44.44,-2.17],[-44.38,-2.37],[-44.52,-2.41],[-44.59,-2.57],[-44.72,-3.2],[-44.44,-2.94],[-44.31,-2.54],[-44.23,-2.47],[-44.11,-2.49],[-44.23,-2.75],[-44.19,-2.81],[-43.93,-2.58],[-43.46,-2.5],[-43.38,-2.38],[-42.94,-2.47],[-42.25,-2.79],[-42.0,-2.81],[-41.88,-2.75],[-41.48,-2.92],[-40.47,-2.8],[-39.96,-2.86],[-39.01,-3.39],[-38.69,-3.65],[-38.48,-3.72],[-38.05,-4.22],[-37.63,-4.59],[-37.3,-4.71],[-37.17,-4.91],[-36.95,-4.94],[-36.59,-5.1],[-35.98,-5.05],[-35.48,-5.17],[-35.24,-5.57],[-34.83,-7.02],[-34.81,-7.29],[-34.88,-7.75],[-34.83,-7.97],[-35.16,-8.93],[-35.34,-9.23],[-35.76,-9.7],[-35.89,-9.69],[-35.85,-9.77],[-35.89,-9.85],[-36.4,-10.48],[-36.77,-10.67],[-37.09,-11.05],[-37.18,-11.07],[-37.18,-11.19],[-37.36,-11.4],[-37.32,-11.22],[-37.36,-11.25],[-37.47,-11.65],[-37.69,-12.1],[-38.24,-12.84],[-38.4,-12.97],[-38.5,-12.96],[-38.52,-12.76],[-38.69,-12.62],[-38.74,-12.75],[-38.85,-12.79],[-38.76,-12.91],[-38.84,-13.15],[-39.03,-13.37],[-39.09,-13.59],[-39.03,-13.56],[-38.99,-13.62],[-39.05,-14.04],[-39.01,-14.1],[-38.94,-14.03],[-39.06,-14.65],[-38.88,-15.86],[-39.2,-17.18],[-39.15,-17.7],[-39.49,-17.99],[-39.65,-18.25],[-39.74,-18.64],[-39.7,-19.28],[-39.78,-19.57],[-40.0,-19.74],[-40.4,-20.57],[-40.79,-20.91],[-40.95,-21.24],[-41.05,-21.51],[-41.0,-22.0],[-41.71,-22.31],[-41.98,-22.58],[-41.94,-22.79],[-42.04,-22.95],[-42.96,-22.97],[-43.08,-22.9],[-43.07,-22.77],[-43.15,-22.73],[-43.24,-22.8],[-43.22,-22.99],[-43.9,-23.1],[-43.97,-23.06],[-43.68,-23.01],[-43.87,-22.91],[-44.15,-23.01],[-44.64,-23.06],[-44.67,-23.21],[-44.57,-23.27],[-44.95,-23.38],[-45.33,-23.6],[-45.46,-23.8],[-45.97,-23.8],[-46.87,-24.24],[-47.14,-24.49],[-47.99,-25.04],[-47.91,-25.07],[-47.93,-25.17],[-48.2,-25.42],[-48.24,-25.4],[-48.19,-25.31],[-48.4,-25.27],[-48.48,-25.44],[-48.64,-25.44],[-48.73,-25.37],[-48.69,-25.49],[-48.4,-25.6],[-48.55,-25.82],[-48.67,-25.84],[-48.58,-25.94],[-48.62,-26.18],[-48.75,-26.27],[-48.65,-26.41],[-48.68,-26.7],[-48.55,-27.2],[-48.64,-27.56],[-48.62,-28.08],[-48.8,-28.44],[-48.8,-28.58],[-49.27,-28.87],[-49.75,-29.36],[-50.03,-29.8],[-50.3,-30.43],[-50.92,-31.26],[-52.04,-32.11],[-52.06,-31.83],[-51.89,-31.87],[-51.68,-31.77],[-51.27,-31.48],[-51.17,-31.34],[-51.16,-31.12],[-50.98,-31.09],[-50.94,-30.9],[-50.69,-30.7],[-50.72,-30.43],[-50.58,-30.44],[-50.56,-30.25],[-51.02,-30.37],[-51.04,-30.26],[-51.18,-30.21],[-51.3,-30.03],[-51.28,-30.24],[-51.16,-30.36],[-51.29,-30.59],[-51.28,-30.75],[-51.36,-30.67],[-51.51,-31.1],[-51.97,-31.38],[-52.19,-31.89],[-52.13,-32.17],[-52.34,-32.44],[-52.65,-33.14],[-53.42,-33.78],[-53.79,-34.38],[-54.17,-34.67],[-54.9,-34.93],[-55.67,-34.78],[-56.19,-34.91],[-56.86,-34.68],[-57.17,-34.45],[-57.83,-34.48],[-58.4,-33.91],[-58.44,-33.72],[-58.36,-33.18],[-58.22,-33.13],[-58.09,-32.97],[-58.2,-32.47],[-58.17,-32.96],[-58.25,-33.08],[-58.42,-33.11],[-58.55,-33.66],[-58.39,-34.19],[-58.53,-34.3],[-58.28,-34.68],[-57.55,-35.02],[-57.17,-35.36],[-57.16,-35.51],[-57.35,-35.72],[-57.38,-35.9],[-57.26,-36.14],[-57.08,-36.3],[-56.72,-36.39],[-56.67,-36.74],[-56.73,-36.96],[-57.09,-37.45],[-57.4,-37.74],[-57.55,-38.09],[-58.18,-38.44],[-59.83,-38.84],[-61.11,-38.99],[-61.85,-38.96],[-62.33,-38.8],[-62.37,-38.85],[-62.3,-38.99],[-62.3,-39.24],[-62.05,-39.37],[-62.18,-39.38],[-62.08,-39.46],[-62.13,-39.83],[-62.29,-39.9],[-62.4,-40.2],[-62.39,-40.46],[-62.25,-40.67],[-62.4,-40.89],[-62.96,-41.11],[-63.62,-41.16],[-64.85,-40.81],[-64.8,-40.76],[-64.87,-40.74],[-65.07,-40.81],[-65.13,-40.88],[-65.15,-41.11],[-65.02,-41.57],[-65.06,-41.97],[-64.99,-42.1],[-64.54,-42.25],[-64.57,-42.42],[-64.42,-42.43],[-64.1,-42.4],[-64.06,-42.27],[-64.25,-42.25],[-64.23,-42.22],[-63.8,-42.11],[-63.63,-42.28],[-63.62,-42.7],[-63.69,-42.81],[-64.03,-42.88],[-64.13,-42.86],[-64.32,-42.57],[-64.49,-42.51],[-64.97,-42.67],[-65.03,-42.76],[-64.32,-42.97],[-64.84,-43.19],[-65.25,-43.57],[-65.3,-43.79],[-65.24,-44.05],[-65.31,-44.16],[-65.27,-44.28],[-65.36,-44.48],[-65.65,-44.66],[-65.7,-44.8],[-65.6,-44.88],[-65.64,-45.01],[-66.19,-44.96],[-66.59,-45.18],[-66.94,-45.26],[-67.6,-46.05],[-67.51,-46.44],[-66.78,-47.01],[-65.85,-47.16],[-65.74,-47.34],[-65.78,-47.57],[-65.89,-47.7],[-66.23,-47.83],[-65.93,-47.83],[-65.81,-47.94],[-66.39,-48.34],[-67.03,-48.63],[-67.47,-48.95],[-67.68,-49.25],[-67.78,-49.86],[-67.91,-49.98],[-68.26,-50.1],[-68.49,-49.98],[-68.67,-49.75],[-68.66,-49.94],[-68.98,-50.0],[-68.6,-50.01],[-68.42,-50.16],[-68.94,-50.38],[-69.09,-50.58],[-69.15,-50.86],[-69.36,-51.03],[-69.2,-50.99],[-69.07,-51.3],[-69.06,-51.55],[-69.47,-51.58],[-68.97,-51.68],[-68.39,-52.31],[-68.44,-52.36],[-69.24,-52.21],[-69.45,-52.27],[-69.62,-52.46],[-70.8,-52.77],[-70.98,-53.37],[-70.95,-53.57],[-71.0,-53.78],[-71.3,-53.88],[-72.17,-53.63],[-72.38,-53.47],[-72.41,-53.35],[-72.31,-53.25],[-71.94,-53.23],[-71.85,-53.29],[-71.83,-53.4],[-71.89,-53.52],[-71.79,-53.48],[-71.74,-53.23],[-71.29,-53.03],[-71.16,-52.89],[-71.23,-52.81],[-71.39,-52.76],[-72.28,-53.13],[-72.49,-53.29],[-72.55,-53.46],[-73.05,-53.24],[-72.92,-53.12],[-72.89,-52.87],[-72.73,-52.76],[-72.45,-52.81],[-72.12,-52.65],[-71.8,-52.68],[-71.51,-52.61],[-72.23,-52.52],[-72.44,-52.63],[-72.5,-52.56],[-72.71,-52.54],[-72.8,-52.71],[-73.02,-52.89],[-73.02,-53.02],[-73.12,-53.07],[-73.34,-53.05],[-73.65,-52.84],[-73.24,-52.71],[-73.07,-52.54],[-73.12,-52.49],[-73.18,-52.49],[-73.24,-52.62],[-73.38,-52.6],[-73.59,-52.69],[-74.01,-52.64],[-74.04,-52.4],[-74.15,-52.38],[-74.3,-52.12],[-73.83,-52.23],[-73.7,-52.2],[-73.68,-52.08],[-73.53,-52.15],[-73.26,-52.16],[-72.8,-51.95],[-72.7,-51.99],[-72.57,-52.2],[-72.71,-52.36],[-72.63,-52.37],[-72.52,-52.26],[-72.62,-52.01],[-72.49,-51.85],[-72.54,-51.71],[-72.76,-51.57],[-73.17,-51.45],[-72.65,-51.7],[-72.58,-51.74],[-72.6,-51.8],[-72.93,-51.86],[-73.38,-52.07],[-73.52,-52.04],[-73.75,-51.8],[-73.97,-51.78],[-74.2,-51.68],[-74.07,-51.58],[-73.93,-51.62],[-73.9,-51.33],[-73.94,-51.27],[-74.81,-51.06],[-75.09,-50.68],[-74.69,-50.66],[-74.65,-50.62],[-74.78,-50.47],[-74.64,-50.36],[-74.37,-50.49],[-74.14,-50.82],[-73.81,-50.94],[-73.82,-50.84],[-73.74,-50.7],[-73.62,-50.65],[-73.69,-50.57],[-73.65,-50.49],[-73.98,-50.83],[-74.2,-50.61],[-74.19,-50.49],[-73.95,-50.51],[-74.43,-50.35],[-74.63,-50.19],[-74.33,-49.97],[-73.96,-49.99],[-74.32,-49.78],[-74.29,-49.6],[-74.1,-49.56],[-73.84,-49.61],[-74.09,-49.43],[-74.02,-49.09],[-73.93,-49.02],[-74.03,-49.03],[-74.22,-49.5],[-74.37,-49.4],[-74.34,-48.6],[-74.01,-48.48],[-74.17,-48.43],[-74.34,-48.49],[-74.47,-48.46],[-74.58,-48.27],[-74.58,-48.0],[-73.85,-48.04],[-73.53,-48.2],[-73.39,-48.15],[-73.61,-47.99],[-73.72,-47.66],[-73.94,-47.93],[-74.23,-47.97],[-74.35,-47.94],[-74.38,-47.83],[-74.65,-47.7],[-74.53,-47.57],[-74.24,-47.68],[-74.13,-47.59],[-74.48,-47.43],[-74.16,-47.18],[-74.21,-47.08],[-74.15,-46.97],[-74.31,-46.79],[-74.45,-46.77],[-74.51,-46.89],[-75.01,-46.74],[-75.05,-46.63],[-74.98,-46.51],[-75.54,-46.7],[-75.39,-46.86],[-75.43,-46.93],[-75.64,-46.86],[-75.71,-46.71],[-75.66,-46.61],[-74.92,-46.16],[-75.07,-46.0],[-75.07,-45.87],[-74.16,-45.77],[-74.08,-45.68],[-74.12,-45.5],[-73.96,-45.4],[-73.83,-45.45],[-73.96,-45.84],[-74.06,-45.95],[-74.02,-46.06],[-74.08,-46.13],[-74.39,-46.22],[-74.09,-46.22],[-73.97,-46.15],[-73.88,-45.85],[-73.74,-45.81],[-73.71,-46.07],[-73.81,-46.38],[-73.95,-46.53],[-73.85,-46.57],[-73.66,-46.3],[-73.59,-45.9],[-73.59,-45.78],[-73.76,-45.7],[-73.73,-45.48],[-73.55,-45.48],[-73.27,-45.35],[-72.93,-45.45],[-73.23,-45.26],[-73.44,-45.24],[-73.4,-45.1],[-73.36,-44.98],[-73.08,-44.92],[-72.74,-44.73],[-72.68,-44.59],[-72.66,-44.44],[-73.27,-44.17],[-73.22,-43.9],[-73.07,-43.86],[-73.0,-43.63],[-73.1,-43.46],[-73.08,-43.32],[-72.94,-43.21],[-72.88,-43.05],[-72.76,-43.04],[-72.85,-42.67],[-72.77,-42.51],[-72.63,-42.51],[-72.77,-42.26],[-72.63,-42.2],[-72.43,-42.43],[-72.41,-42.39],[-72.5,-41.98],[-72.74,-41.99],[-72.82,-41.91],[-72.66,-41.74],[-72.36,-41.65],[-72.32,-41.5],[-72.43,-41.65],[-72.54,-41.69],[-72.95,-41.51],[-73.24,-41.78],[-73.62,-41.77],[-73.74,-41.74],[-73.62,-41.58],[-73.81,-41.52],[-73.97,-41.12],[-73.98,-40.97],[-73.78,-40.47],[-73.67,-39.96],[-73.41,-39.79],[-73.23,-39.22],[-73.52,-38.51],[-73.46,-38.04],[-73.66,-37.7],[-73.6,-37.48],[-73.66,-37.34],[-73.6,-37.19],[-73.37,-37.22],[-73.22,-37.17],[-73.12,-36.69],[-73.01,-36.64],[-72.87,-36.39],[-72.78,-35.98],[-72.59,-35.76],[-72.62,-35.59],[-72.22,-35.1],[-72.06,-34.62],[-72.0,-34.17],[-71.83,-33.82],[-71.66,-33.65],[-71.64,-33.52],[-71.74,-33.1],[-71.59,-32.97],[-71.45,-32.66],[-71.42,-32.39],[-71.51,-32.21],[-71.71,-30.63],[-71.67,-30.33],[-71.4,-30.14],[-71.32,-29.65],[-71.33,-29.44],[-71.49,-29.2],[-71.52,-28.93],[-71.31,-28.67],[-71.19,-28.38],[-71.09,-27.81],[-70.93,-27.59],[-70.9,-27.19],[-70.65,-26.33],[-70.64,-25.99],[-70.71,-25.78],[-70.45,-25.25],[-70.57,-24.64],[-70.51,-23.89],[-70.39,-23.57],[-70.59,-23.37],[-70.59,-23.26],[-70.56,-23.06],[-70.45,-23.03],[-70.33,-22.85],[-70.09,-21.49],[-70.2,-20.73],[-70.15,-19.81],[-70.28,-19.27],[-70.36,-18.4],[-71.34,-17.68],[-71.4,-17.42],[-71.53,-17.29],[-72.11,-17.0],[-72.47,-16.71],[-73.73,-16.2],[-74.15,-15.91],[-75.1,-15.41],[-75.53,-14.9],[-75.93,-14.63],[-76.29,-14.13],[-76.3,-13.95],[-76.38,-13.86],[-76.26,-13.8],[-76.18,-13.52],[-76.22,-13.37],[-76.5,-12.98],[-76.83,-12.35],[-77.15,-12.06],[-77.22,-11.66],[-77.63,-11.29],[-77.74,-10.84],[-78.19,-10.09],[-78.76,-8.62],[-79.01,-8.21],[-79.38,-7.84],[-79.62,-7.3],[-79.99,-6.77],[-80.11,-6.65],[-81.14,-6.06],[-81.16,-5.88],[-81.09,-5.81],[-80.93,-5.84],[-80.88,-5.64],[-81.17,-5.17],[-81.11,-5.03],[-81.34,-4.67],[-81.23,-4.23],[-80.8,-3.73],[-80.03,-3.23],[-79.73,-2.58],[-79.82,-2.36],[-79.84,-2.07],[-79.93,-2.55],[-80.03,-2.56],[-80.01,-2.35],[-80.28,-2.71],[-80.68,-2.4],[-80.84,-2.35],[-80.96,-2.19],[-80.77,-2.08],[-80.76,-1.93],[-80.84,-1.63],[-80.8,-1.38],[-80.9,-1.08],[-80.84,-0.97],[-80.55,-0.85],[-80.46,-0.59],[-80.28,-0.62],[-80.38,-0.58],[-80.48,-0.37],[-80.05,0.16],[-80.09,0.78],[-79.74,0.98],[-79.61,0.97],[-78.9,1.21],[-78.83,1.3],[-78.86,1.46],[-79.03,1.62],[-78.96,1.75],[-78.79,1.85],[-78.58,1.77],[-78.55,1.92],[-78.63,2.06],[-78.59,2.36],[-78.42,2.48],[-78.07,2.51],[-77.87,2.73],[-77.81,2.72],[-77.67,2.88],[-77.69,3.04],[-77.56,3.08],[-77.42,3.34],[-77.36,3.35],[-77.08,3.91],[-77.17,3.86],[-77.26,3.89],[-77.28,4.06],[-77.36,3.94],[-77.43,4.06],[-77.41,4.25],[-77.52,4.21],[-77.35,4.4],[-77.29,4.72],[-77.37,5.32],[-77.53,5.54],[-77.25,5.78],[-77.47,6.18],[-77.47,6.29],[-77.4,6.28],[-77.37,6.58],[-77.44,6.69],[-77.53,6.69],[-77.8,7.14],[-78.17,7.54],[-78.42,8.06],[-78.29,8.09],[-78.28,8.25],[-78.14,8.39],[-77.76,8.13],[-78.01,8.33],[-78.1,8.5],[-78.22,8.4],[-78.4,8.51],[-78.41,8.36],[-78.51,8.63],[-78.96,8.93],[-79.09,9.0],[-79.44,9.01],[-79.69,8.85],[-79.82,8.64],[-79.75,8.6],[-80.46,8.21],[-80.46,8.08],[-80.08,7.67],[-80.01,7.5],[-80.29,7.43],[-80.44,7.27],[-80.85,7.22],[-81.06,7.9],[-81.16,7.85],[-81.2,7.67],[-81.27,7.63],[-81.5,7.72],[-81.73,8.14],[-81.97,8.22],[-82.16,8.19],[-82.24,8.31],[-82.68,8.32],[-82.87,8.25],[-82.88,8.07],[-83.12,8.35],[-83.16,8.59],[-83.29,8.66],[-83.47,8.71],[-83.3,8.51],[-83.29,8.41],[-83.6,8.48],[-83.73,8.61],[-83.61,8.8],[-83.64,9.04],[-83.74,9.15],[-84.22,9.46],[-84.58,9.57],[-84.66,9.65],[-84.64,9.79],[-84.71,9.9],[-85.24,10.24],[-85.24,10.11],[-84.89,9.82],[-85.08,9.6],[-85.31,9.81],[-85.62,9.9],[-85.85,10.29],[-85.66,10.64],[-85.67,10.75],[-85.91,10.9],[-85.75,10.99],[-85.75,11.09],[-86.47,11.74],[-86.85,12.25],[-87.67,12.9],[-87.59,13.04],[-87.42,12.92],[-87.34,12.95],[-87.33,13.08],[-87.41,13.13],[-87.49,13.35],[-87.81,13.4],[-87.82,13.29],[-88.02,13.17],[-88.69,13.28],[-88.51,13.18],[-89.28,13.48],[-89.8,13.56],[-90.48,13.9],[-91.15,13.93],[-91.38,13.99],[-91.82,14.23],[-92.26,14.57],[-92.81,15.14],[-93.92,16.05],[-94.37,16.28],[-94.43,16.23],[-94.0,16.02],[-94.66,16.2],[-94.62,16.35],[-94.79,16.29],[-94.79,16.36],[-94.9,16.42],[-95.02,16.28],[-94.8,16.21],[-95.13,16.18],[-95.46,15.97],[-96.21,15.69],[-96.51,15.65],[-97.18,15.91],[-97.75,15.97],[-98.14,16.21],[-98.52,16.3],[-98.76,16.53],[-99.69,16.72],[-100.02,16.92],[-100.85,17.2],[-101.6,17.65],[-101.92,17.96],[-102.22,17.96],[-102.7,18.06],[-103.44,18.33],[-103.91,18.83],[-104.94,19.31],[-105.48,19.98],[-105.67,20.39],[-105.54,20.5],[-105.26,20.58],[-105.33,20.75],[-105.51,20.81],[-105.24,21.12],[-105.21,21.49],[-105.43,21.62],[-105.65,21.99],[-105.65,22.33],[-105.79,22.63],[-106.4,23.2],[-106.94,23.88],[-107.76,24.47],[-107.53,24.36],[-107.51,24.49],[-107.95,24.61],[-108.02,24.78],[-108.28,25.08],[-108.14,25.02],[-108.05,25.07],[-108.7,25.38],[-108.79,25.54],[-109.03,25.48],[-109.07,25.55],[-108.97,25.59],[-108.89,25.73],[-109.2,25.59],[-109.38,25.73],[-109.43,26.03],[-109.2,26.31],[-109.12,26.25],[-109.28,26.53],[-109.48,26.71],[-109.75,26.7],[-109.89,26.88],[-109.94,27.08],[-110.28,27.16],[-110.48,27.32],[-110.62,27.65],[-110.53,27.86],[-110.92,27.89],[-111.12,27.97],[-111.47,28.38],[-111.68,28.47],[-112.16,29.02],[-112.22,29.27],[-112.38,29.35],[-112.41,29.54],[-112.74,29.99],[-112.82,30.3],[-113.06,30.65],[-113.12,31.05],[-113.04,31.09],[-113.05,31.18],[-113.62,31.35],[-113.63,31.47],[-113.76,31.56],[-113.95,31.63],[-114.0,31.53],[-114.15,31.51],[-114.93,31.9],[-114.79,31.65],[-114.88,31.16],[-114.7,30.77],[-114.63,30.51],[-114.65,30.24],[-114.55,30.02],[-113.76,29.37],[-113.55,29.1],[-113.5,28.93],[-113.38,28.95],[-113.32,28.81],[-113.21,28.8],[-113.09,28.51],[-112.87,28.42],[-112.73,27.83],[-112.33,27.52],[-112.19,27.19],[-112.0,27.08],[-112.01,26.97],[-111.88,26.84],[-111.86,26.68],[-111.7,26.58],[-111.82,26.76],[-111.8,26.88],[-111.57,26.71],[-111.33,26.13],[-111.29,25.79],[-111.15,25.57],[-111.03,25.53],[-110.89,25.14],[-110.69,24.87],[-110.73,24.59],[-110.66,24.34],[-110.37,24.1],[-110.3,24.19],[-110.33,24.31],[-110.26,24.34],[-109.81,23.94],[-109.68,23.66],[-109.51,23.6],[-109.42,23.48],[-109.5,23.16],[-109.82,22.92],[-110.01,22.89],[-110.18,23.34],[-110.36,23.6],[-110.63,23.74],[-111.04,24.11],[-111.68,24.56],[-111.8,24.54],[-111.85,24.67],[-112.07,24.84],[-112.13,25.04],[-112.07,25.57],[-112.17,25.91],[-112.38,26.21],[-112.66,26.32],[-113.02,26.58],[-113.12,26.72],[-113.16,26.95],[-113.27,26.79],[-113.6,26.72],[-113.84,26.97],[-114.0,26.99],[-114.11,27.11],[-114.45,27.22],[-114.54,27.43],[-114.99,27.74],[-115.04,27.84],[-114.57,27.78],[-114.3,27.87],[-114.3,27.78],[-114.07,27.68],[-114.18,27.83],[-114.16,27.92],[-114.27,27.93],[-114.09,28.22],[-114.05,28.43],[-114.15,28.61],[-114.94,29.35],[-115.17,29.43],[-115.67,29.76],[-115.81,29.96],[-115.82,30.3],[-116.0,30.41],[-116.06,30.8],[-116.3,30.97],[-116.33,31.2],[-116.66,31.56],[-116.72,31.73],[-116.62,31.76],[-116.62,31.85],[-116.85,32.0],[-116.91,32.2],[-117.06,32.34],[-117.14,32.65],[-117.24,32.66],[-117.32,33.1],[-117.47,33.3],[-118.08,33.72],[-118.41,33.74],[-118.39,33.86],[-118.51,34.02],[-118.83,34.02],[-119.14,34.11],[-119.27,34.26],[-119.61,34.42],[-120.48,34.47],[-120.64,34.58],[-120.66,35.12],[-120.86,35.21],[-120.9,35.43],[-121.28,35.68],[-121.88,36.33],[-121.92,36.57],[-121.79,36.73],[-121.81,36.85],[-121.88,36.94],[-122.16,36.99],[-122.39,37.21],[-122.5,37.54],[-122.51,37.77],[-122.45,37.8],[-122.38,37.79],[-122.37,37.66],[-122.3,37.59],[-122.07,37.48],[-122.39,37.96],[-122.31,38.01],[-121.53,38.06],[-122.03,38.12],[-122.15,38.07],[-122.39,38.14],[-122.48,38.11],[-122.47,37.84],[-122.52,37.83],[-122.93,38.06],[-123.0,37.99],[-122.98,38.23],[-122.88,38.12],[-122.91,38.2],[-123.12,38.45],[-123.7,38.91],[-123.82,39.37],[-123.78,39.51],[-123.83,39.78],[-124.32,40.25],[-124.36,40.37],[-124.37,40.49],[-124.28,40.71],[-124.22,40.7],[-124.13,40.97],[-124.07,41.46],[-124.24,41.79],[-124.21,41.98],[-124.36,42.12],[-124.41,42.58],[-124.54,42.81],[-124.35,43.34],[-124.2,43.42],[-124.29,43.41],[-124.15,43.69],[-123.93,45.58],[-123.99,46.22],[-123.52,46.22],[-123.4,46.15],[-123.22,46.15],[-123.46,46.27],[-124.07,46.28],[-124.04,46.61],[-123.95,46.43],[-123.89,46.66],[-124.07,46.74],[-124.11,46.86],[-123.84,46.96],[-124.11,47.04],[-124.14,46.95],[-124.38,47.66],[-124.66,47.97],[-124.71,48.38],[-123.98,48.17],[-123.16,48.15],[-122.97,48.07],[-122.78,48.14],[-122.66,47.88],[-123.05,47.55],[-123.14,47.36],[-122.92,47.41],[-123.07,47.4],[-123.06,47.45],[-122.61,47.84],[-122.59,47.93],[-122.53,47.92],[-122.52,47.77],[-122.63,47.69],[-122.61,47.62],[-122.68,47.61],[-122.56,47.46],[-122.58,47.29],[-122.71,47.32],[-122.77,47.22],[-122.83,47.34],[-123.03,47.14],[-122.63,47.14],[-122.54,47.28],[-122.35,47.37],[-122.4,47.78],[-122.24,48.01],[-122.42,48.18],[-122.39,48.08],[-122.49,48.13],[-122.52,48.23],[-122.41,48.29],[-122.66,48.45],[-122.5,48.51],[-122.55,48.76],[-122.69,48.79],[-122.83,49.03],[-122.96,49.07],[-123.08,48.98],[-123.08,49.13],[-123.2,49.15],[-123.23,49.26],[-122.95,49.29],[-122.88,49.4],[-123.02,49.32],[-123.28,49.34],[-123.19,49.68],[-123.33,49.58],[-123.34,49.46],[-123.53,49.4],[-123.95,49.53],[-124.05,49.66],[-123.99,49.74],[-123.82,49.59],[-123.58,49.68],[-123.76,49.66],[-123.87,49.74],[-123.9,49.98],[-123.78,50.09],[-123.88,50.17],[-123.95,50.18],[-123.87,50.07],[-123.97,49.89],[-124.14,49.79],[-124.41,49.78],[-124.7,49.96],[-125.06,50.42],[-124.86,50.64],[-124.86,50.87],[-125.06,50.51],[-125.48,50.5],[-125.54,50.65],[-125.64,50.47],[-126.09,50.5],[-126.4,50.53],[-126.45,50.59],[-125.9,50.7],[-126.51,50.68],[-126.37,50.84],[-126.52,50.87],[-126.52,51.06],[-126.63,50.92],[-127.06,50.87],[-127.36,50.95],[-127.71,51.15],[-127.69,51.34],[-127.42,51.61],[-126.69,51.7],[-127.34,51.71],[-127.67,51.48],[-127.85,51.67],[-127.86,51.82],[-127.73,51.99],[-127.86,51.99],[-127.8,52.19],[-127.44,52.36],[-127.24,52.4],[-126.71,52.06],[-126.94,52.31],[-127.13,52.37],[-127.19,52.46],[-127.19,52.54],[-126.95,52.72],[-127.01,52.84],[-127.07,52.65],[-127.52,52.36],[-127.83,52.25],[-128.1,51.79],[-128.19,52.0],[-128.36,52.16],[-128.04,52.32],[-128.05,52.45],[-127.94,52.55],[-128.27,52.36],[-128.05,52.91],[-128.37,52.83],[-128.45,52.88],[-128.52,53.14],[-128.65,53.24],[-129.08,53.37],[-129.17,53.53],[-129.02,53.69],[-128.85,53.7],[-128.91,53.56],[-128.54,53.42],[-128.36,53.46],[-128.13,53.42],[-127.93,53.27],[-128.21,53.48],[-128.51,53.48],[-128.68,53.55],[-128.76,53.75],[-128.53,53.86],[-128.7,53.92],[-128.96,53.84],[-129.21,53.64],[-129.26,53.42],[-129.56,53.25],[-129.82,53.41],[-129.91,53.55],[-130.34,53.72],[-130.09,53.98],[-130.04,54.13],[-129.63,54.23],[-130.08,54.18],[-130.29,54.27],[-130.43,54.42],[-130.35,54.66],[-130.22,54.73],[-129.89,55.16],[-129.56,55.46],[-129.7,55.44],[-129.8,55.56],[-129.84,55.32],[-130.05,55.06],[-130.09,55.11],[-129.99,55.36],[-130.09,55.69],[-130.03,55.89],[-130.15,55.65],[-130.04,55.3],[-130.22,55.06],[-130.2,54.95],[-130.54,54.75],[-130.85,54.81],[-131.05,55.16],[-130.98,55.24],[-130.75,55.32],[-130.86,55.36],[-130.92,55.74],[-131.13,55.96],[-131.03,56.09],[-131.78,55.88],[-131.95,55.55],[-132.12,55.57],[-132.21,55.75],[-131.84,56.16],[-131.55,56.21],[-131.89,56.24],[-132.02,56.38],[-132.18,56.42],[-132.36,56.63],[-132.48,56.65],[-132.49,56.77],[-132.8,56.9],[-132.82,57.06],[-133.47,57.17],[-133.44,57.34],[-133.65,57.64],[-133.55,57.7],[-133.12,57.57],[-133.54,57.83],[-133.51,57.88],[-133.19,57.88],[-133.56,57.92],[-133.72,57.84],[-134.03,58.07],[-134.05,58.29],[-133.88,58.52],[-134.21,58.23],[-134.66,58.38],[-134.94,58.65],[-134.99,58.77],[-135.13,58.84],[-135.36,59.42],[-135.41,59.32],[-135.48,59.31],[-135.4,59.21],[-135.5,59.2],[-135.39,59.09],[-135.06,58.34],[-135.09,58.25],[-135.3,58.26],[-135.57,58.41],[-135.9,58.4],[-135.86,58.58],[-136.04,58.82],[-135.83,58.9],[-136.02,58.87],[-136.15,59.05],[-136.12,58.82],[-136.23,58.77],[-136.57,58.94],[-136.99,59.03],[-136.95,58.93],[-137.06,58.87],[-136.61,58.81],[-136.41,58.7],[-136.48,58.62],[-136.22,58.6],[-136.06,58.45],[-136.08,58.36],[-136.46,58.33],[-136.61,58.24],[-137.54,58.58],[-138.03,58.94],[-138.56,59.13],[-138.51,59.17],[-139.8,59.55],[-139.51,59.7],[-139.58,59.85],[-139.51,59.95],[-139.33,59.88],[-139.29,59.61],[-139.22,59.82],[-138.99,59.84],[-139.24,59.89],[-139.43,60.01],[-139.92,59.81],[-140.42,59.71],[-140.84,59.75],[-141.41,59.9],[-141.29,60.0],[-141.41,60.12],[-141.45,60.02],[-141.67,59.97],[-142.95,60.1],[-144.15,60.02],[-144.09,60.08],[-144.19,60.15],[-144.64,60.22],[-144.9,60.34],[-144.82,60.53],[-144.69,60.67],[-145.25,60.38],[-145.9,60.48],[-145.67,60.65],[-146.15,60.66],[-146.25,60.75],[-146.57,60.73],[-146.39,60.81],[-146.64,60.9],[-146.6,61.05],[-146.28,61.11],[-146.58,61.13],[-146.87,61.0],[-147.2,61.0],[-147.36,60.91],[-147.57,60.99],[-147.66,60.91],[-147.81,60.89],[-147.99,60.95],[-147.75,61.22],[-148.05,61.08],[-148.34,61.06],[-148.41,61.01],[-148.21,61.03],[-148.34,60.85],[-148.56,60.83],[-148.26,60.68],[-148.3,60.58],[-148.64,60.49],[-148.12,60.58],[-147.96,60.48],[-148.18,60.39],[-148.2,60.17],[-148.33,60.12],[-148.43,59.99],[-148.75,59.95],[-149.12,60.03],[-149.27,60.0],[-149.4,60.11],[-149.6,59.77],[-149.71,59.92],[-149.79,59.86],[-149.78,59.75],[-150.01,59.78],[-149.97,59.69],[-150.2,59.57],[-150.61,59.56],[-150.68,59.43],[-150.93,59.25],[-151.18,59.3],[-151.17,59.24],[-151.74,59.19],[-151.95,59.27],[-151.85,59.41],[-151.4,59.52],[-151.05,59.77],[-151.45,59.65],[-151.76,59.7],[-151.85,59.78],[-151.73,59.99],[-151.4,60.27],[-151.31,60.47],[-151.32,60.74],[-150.44,61.02],[-150.11,60.93],[-149.63,60.95],[-149.08,60.88],[-150.05,61.17],[-149.74,61.36],[-149.33,61.5],[-149.63,61.49],[-149.98,61.28],[-150.61,61.3],[-151.59,60.98],[-151.78,60.86],[-151.75,60.75],[-152.27,60.53],[-152.31,60.45],[-152.26,60.41],[-152.54,60.27],[-153.03,60.3],[-152.66,60.13],[-152.66,60.0],[-152.76,59.92],[-153.21,59.84],[-153.02,59.79],[-153.09,59.71],[-153.36,59.66],[-153.41,59.74],[-153.65,59.65],[-153.61,59.62],[-153.75,59.51],[-154.09,59.36],[-154.18,59.16],[-153.42,58.96],[-153.33,58.88],[-153.44,58.75],[-153.86,58.59],[-154.02,58.49],[-154.09,58.37],[-154.29,58.3],[-154.21,58.29],[-154.25,58.16],[-155.01,58.02],[-155.15,57.88],[-155.59,57.73],[-155.78,57.57],[-156.0,57.54],[-156.06,57.45],[-156.24,57.45],[-156.44,57.36],[-156.48,57.33],[-156.4,57.2],[-156.63,57.01],[-156.78,57.01],[-157.14,56.83],[-157.44,56.79],[-157.58,56.63],[-157.87,56.65],[-158.08,56.55],[-157.93,56.52],[-158.41,56.44],[-158.55,56.31],[-158.39,56.3],[-158.28,56.2],[-158.48,56.08],[-158.59,56.18],[-158.79,55.99],[-159.52,55.81],[-159.66,55.63],[-159.68,55.82],[-159.77,55.84],[-160.37,55.64],[-160.5,55.54],[-160.9,55.51],[-161.18,55.39],[-161.46,55.38],[-161.41,55.54],[-161.2,55.54],[-161.52,55.62],[-161.65,55.56],[-161.74,55.39],[-162.07,55.14],[-162.39,55.05],[-162.46,55.08],[-162.41,55.11],[-162.5,55.21],[-162.63,55.25],[-162.62,55.04],[-162.67,55.0],[-162.87,54.95],[-163.12,55.06],[-163.13,54.92],[-163.34,54.84],[-163.28,55.12],[-162.91,55.2],[-162.16,55.72],[-161.7,55.91],[-161.22,56.02],[-161.19,55.95],[-160.9,55.99],[-161.01,55.89],[-160.8,55.75],[-160.71,55.87],[-160.29,55.81],[-160.54,56.01],[-160.3,56.31],[-159.79,56.56],[-159.28,56.69],[-158.92,56.88],[-158.89,56.82],[-158.68,56.79],[-158.66,57.04],[-158.32,57.3],[-157.85,57.53],[-157.46,57.51],[-157.7,57.68],[-157.61,58.05],[-157.56,58.14],[-157.19,58.19],[-157.49,58.25],[-157.52,58.42],[-157.23,58.64],[-156.97,58.74],[-157.04,58.77],[-156.81,59.13],[-157.14,58.88],[-158.19,58.61],[-158.3,58.64],[-158.5,58.85],[-158.43,59.0],[-158.08,58.98],[-158.42,59.09],[-158.68,58.93],[-158.81,58.97],[-158.78,58.9],[-158.86,58.72],[-158.79,58.44],[-158.95,58.4],[-159.67,58.91],[-159.92,58.82],[-160.36,59.05],[-160.82,58.87],[-161.25,58.8],[-161.36,58.67],[-161.76,58.61],[-162.14,58.64],[-161.72,58.79],[-161.79,59.02],[-161.64,59.11],[-161.89,59.08],[-161.98,59.15],[-162.02,59.28],[-161.87,59.43],[-161.83,59.59],[-162.24,60.18],[-162.42,60.28],[-162.14,60.61],[-161.95,60.68],[-162.14,60.69],[-162.68,60.27],[-162.53,60.2],[-162.5,60.13],[-162.57,59.99],[-163.22,59.85],[-163.91,59.81],[-164.14,59.9],[-164.13,59.99],[-164.66,60.3],[-165.06,60.41],[-165.03,60.5],[-165.35,60.54],[-164.81,60.89],[-164.32,60.77],[-164.27,60.72],[-164.37,60.59],[-164.0,60.77],[-163.73,60.59],[-163.42,60.76],[-163.91,60.85],[-163.59,60.9],[-163.75,60.97],[-163.99,60.86],[-165.11,60.93],[-165.18,60.97],[-164.87,61.11],[-165.08,61.09],[-165.13,61.19],[-165.2,61.15],[-165.34,61.2],[-165.27,61.27],[-165.39,61.21],[-165.38,61.11],[-165.57,61.1],[-165.69,61.3],[-165.86,61.34],[-165.91,61.4],[-165.8,61.49],[-165.85,61.54],[-166.09,61.51],[-166.17,61.65],[-165.81,61.7],[-166.08,61.8],[-165.61,61.87],[-165.73,61.96],[-165.71,62.1],[-165.19,62.47],[-165.0,62.53],[-164.76,62.5],[-164.84,62.58],[-164.69,62.61],[-164.59,62.71],[-164.79,62.62],[-164.85,62.8],[-164.8,62.92],[-164.68,63.02],[-164.38,63.03],[-164.53,63.13],[-164.41,63.22],[-163.94,63.25],[-163.62,63.13],[-163.74,63.02],[-163.5,63.11],[-163.29,63.05],[-162.95,63.11],[-162.62,63.27],[-162.28,63.53],[-162.11,63.53],[-161.97,63.45],[-161.51,63.47],[-161.27,63.5],[-160.93,63.66],[-160.78,63.82],[-160.99,64.25],[-161.22,64.4],[-161.49,64.43],[-161.41,64.53],[-160.93,64.58],[-160.84,64.68],[-160.89,64.8],[-161.13,64.93],[-161.47,64.79],[-161.76,64.82],[-162.33,64.61],[-162.71,64.38],[-162.81,64.37],[-162.88,64.52],[-163.2,64.65],[-163.3,64.61],[-163.05,64.52],[-163.14,64.42],[-163.71,64.59],[-164.3,64.58],[-164.98,64.45],[-166.14,64.58],[-166.48,64.73],[-166.42,64.93],[-166.93,65.16],[-166.53,65.15],[-166.45,65.25],[-166.12,65.26],[-166.16,65.29],[-167.4,65.42],[-167.99,65.57],[-168.09,65.66],[-167.93,65.75],[-167.91,65.68],[-167.41,65.86],[-167.07,65.88],[-166.75,66.05],[-166.4,66.14],[-165.63,66.13],[-165.56,66.17],[-165.84,66.25],[-165.81,66.29],[-165.45,66.41],[-165.06,66.44],[-164.46,66.59],[-163.73,66.62],[-163.64,66.57],[-163.89,66.58],[-163.78,66.53],[-163.9,66.38],[-163.89,66.29],[-164.03,66.22],[-163.7,66.08],[-161.93,66.04],[-161.82,66.05],[-161.46,66.28],[-161.03,66.19],[-161.12,66.33],[-161.54,66.41],[-161.83,66.37],[-161.92,66.41],[-161.89,66.49],[-162.19,66.69],[-162.47,66.74],[-162.61,66.89],[-162.36,66.95],[-162.02,66.78],[-162.05,66.67],[-161.91,66.56],[-161.59,66.46],[-161.16,66.5],[-160.65,66.37],[-160.23,66.42],[-160.26,66.57],[-160.36,66.61],[-160.64,66.6],[-160.86,66.67],[-161.4,66.55],[-161.86,66.7],[-161.88,66.8],[-161.62,66.98],[-161.72,67.02],[-162.39,67.02],[-162.41,67.1],[-162.58,67.02],[-163.53,67.1],[-163.72,67.2],[-164.13,67.61],[-165.39,68.05],[-165.96,68.16],[-166.24,68.28],[-166.79,68.36],[-166.38,68.43],[-166.18,68.8],[-166.21,68.89],[-164.3,68.94],[-163.54,69.17],[-163.16,69.39],[-163.09,69.61],[-162.95,69.76],[-161.88,70.33],[-161.76,70.26],[-162.07,70.16],[-161.0,70.3],[-160.12,70.59],[-159.96,70.57],[-160.11,70.47],[-160.01,70.45],[-160.1,70.33],[-159.91,70.33],[-159.87,70.28],[-159.81,70.5],[-159.39,70.52],[-159.75,70.53],[-160.08,70.63],[-159.68,70.79],[-159.31,70.88],[-159.19,70.86],[-159.34,70.78],[-159.25,70.75],[-157.91,70.86],[-157.32,71.04],[-156.78,71.32],[-156.47,71.41],[-156.4,71.4],[-156.57,71.34],[-155.65,71.18],[-155.58,71.12],[-155.8,71.0],[-156.15,70.93],[-155.97,70.84],[-155.58,70.89],[-155.17,71.1],[-154.67,70.99],[-154.79,70.89],[-154.2,70.8],[-153.23,70.93],[-152.3,70.85],[-152.23,70.81],[-152.44,70.73],[-152.47,70.65],[-152.17,70.56],[-151.77,70.56],[-151.94,70.45],[-151.22,70.42],[-150.66,70.51],[-150.27,70.43],[-149.87,70.51],[-149.27,70.5],[-148.69,70.42],[-148.48,70.32],[-148.14,70.36],[-147.71,70.22],[-145.82,70.16],[-145.2,70.01],[-144.62,69.98],[-143.22,70.12],[-142.71,70.03],[-142.3,69.87],[-141.7,69.77],[-141.41,69.65],[-139.98,69.62],[-139.18,69.52],[-137.87,69.09],[-136.72,68.89],[-136.12,68.88],[-135.26,68.68],[-135.43,68.84],[-135.89,68.93],[-135.92,68.99],[-135.58,69.03],[-135.91,69.11],[-135.69,69.31],[-135.29,69.31],[-135.14,69.47],[-134.46,69.48],[-134.5,69.57],[-134.41,69.68],[-133.88,69.51],[-134.17,69.25],[-133.16,69.43],[-132.84,69.65],[-132.4,69.66],[-132.57,69.7],[-132.49,69.74],[-132.16,69.7],[-131.44,69.92],[-131.14,69.91],[-130.93,70.05],[-130.67,70.13],[-129.94,70.09],[-129.68,70.19],[-129.54,70.11],[-129.65,70.0],[-130.83,69.65],[-131.94,69.53],[-132.33,69.31],[-132.82,69.21],[-133.42,68.84],[-133.2,68.74],[-133.14,68.75],[-133.34,68.84],[-132.71,68.81],[-132.53,68.88],[-132.74,68.92],[-132.77,69.01],[-132.72,69.08],[-131.92,69.29],[-131.79,69.37],[-131.79,69.43],[-131.34,69.44],[-131.32,69.36],[-131.06,69.45],[-130.99,69.36],[-130.97,69.21],[-130.52,69.57],[-130.12,69.72],[-129.11,69.88],[-128.9,69.97],[-128.94,69.88],[-129.16,69.8],[-129.05,69.7],[-128.85,69.75],[-128.39,69.96],[-128.28,70.11],[-127.68,70.26],[-127.97,70.29],[-128.04,70.33],[-127.99,70.36],[-128.17,70.42],[-128.13,70.52],[-127.99,70.57],[-127.23,70.3],[-126.61,69.73],[-126.06,69.47],[-125.73,69.38],[-125.39,69.35],[-125.17,69.43],[-125.35,69.66],[-125.22,69.73],[-125.2,69.83],[-125.08,69.82],[-124.77,69.99],[-124.99,70.03],[-124.56,70.15],[-124.44,70.11],[-124.47,69.92],[-124.41,69.77],[-124.12,69.69],[-124.48,69.43],[-124.34,69.36],[-123.53,69.39],[-123.21,69.54],[-123.03,69.81],[-121.74,69.8],[-120.96,69.66],[-120.14,69.38],[-118.87,69.26],[-118.1,69.04],[-117.23,68.91],[-116.06,68.84],[-116.24,68.97],[-115.44,68.94],[-114.62,68.75],[-113.96,68.4],[-114.1,68.27],[-114.77,68.27],[-115.13,68.13],[-115.19,68.08],[-115.17,68.02],[-115.43,67.9],[-115.13,67.82],[-113.89,67.71],[-112.5,67.68],[-111.19,67.82],[-110.99,67.79],[-110.07,67.99],[-109.63,67.73],[-109.04,67.69],[-108.85,67.42],[-108.72,67.58],[-108.61,67.6],[-108.35,67.4],[-107.99,67.26],[-107.91,67.16],[-107.99,67.1],[-108.22,67.05],[-108.5,67.09],[-107.26,66.4],[-107.71,66.74],[-107.75,66.96],[-107.63,67.0],[-107.16,66.88],[-107.35,67.05],[-107.28,67.1],[-107.57,67.27],[-107.65,67.51],[-107.95,67.7],[-107.96,67.82],[-107.76,67.91],[-107.73,67.96],[-107.8,68.04],[-106.92,68.11],[-106.67,68.22],[-106.42,68.2],[-106.4,68.32],[-105.93,68.44],[-105.75,68.59],[-105.93,68.64],[-106.46,68.52],[-106.61,68.36],[-106.85,68.39],[-107.3,68.3],[-107.62,68.33],[-107.74,68.29],[-107.68,68.2],[-107.73,68.17],[-108.32,68.15],[-108.72,68.3],[-108.31,68.61],[-107.44,68.69],[-106.16,68.92],[-105.69,68.83],[-105.54,68.72],[-105.38,68.41],[-105.1,68.3],[-104.65,68.23],[-104.66,68.15],[-104.49,68.06],[-103.9,68.04],[-103.47,68.12],[-102.84,67.85],[-102.32,67.74],[-101.55,67.69],[-100.21,67.84],[-99.03,67.72],[-98.41,67.81],[-98.7,67.97],[-98.72,68.04],[-98.63,68.07],[-97.93,67.71],[-97.45,67.62],[-97.19,67.7],[-97.14,67.8],[-97.55,67.96],[-98.19,67.92],[-98.5,68.12],[-98.38,68.13],[-98.65,68.36],[-98.22,68.32],[-97.79,68.39],[-97.94,68.51],[-97.83,68.53],[-97.34,68.48],[-96.98,68.26],[-96.63,68.25],[-96.43,68.31],[-96.72,68.04],[-95.97,68.25],[-96.2,67.72],[-96.37,67.51],[-96.19,67.38],[-96.14,67.27],[-95.72,67.32],[-95.78,67.18],[-95.56,67.22],[-95.42,67.16],[-95.42,67.01],[-95.77,66.97],[-96.42,67.05],[-95.89,66.74],[-95.79,66.62],[-95.74,66.69],[-96.04,66.94],[-95.4,66.95],[-95.26,67.26],[-95.46,67.61],[-95.65,67.74],[-95.46,68.02],[-94.74,68.07],[-93.93,68.47],[-93.45,68.62],[-93.64,68.63],[-93.68,68.89],[-93.85,69.0],[-94.06,68.78],[-94.48,68.74],[-94.6,68.8],[-94.56,68.91],[-94.08,69.12],[-94.26,69.15],[-94.25,69.31],[-93.62,69.42],[-93.82,69.25],[-93.75,69.23],[-93.43,69.38],[-93.54,69.38],[-93.53,69.48],[-93.65,69.52],[-94.27,69.46],[-94.63,69.65],[-94.82,69.58],[-96.05,69.83],[-96.49,70.12],[-96.55,70.33],[-96.23,70.54],[-95.88,70.55],[-95.99,70.62],[-95.89,70.69],[-96.19,70.64],[-96.36,70.68],[-96.55,70.81],[-96.47,71.07],[-96.52,71.13],[-96.42,71.18],[-96.41,71.27],[-96.06,71.41],[-95.56,71.34],[-95.41,71.49],[-95.77,71.51],[-95.87,71.57],[-95.2,71.9],[-94.73,71.98],[-94.56,71.98],[-94.48,71.85],[-94.31,71.76],[-93.75,71.74],[-93.76,71.64],[-92.98,71.3],[-92.88,71.07],[-92.9,70.92],[-92.98,70.85],[-92.36,70.63],[-92.05,70.39],[-92.05,70.3],[-91.76,70.33]]],[[[-85.95,16.4],[-85.96,16.43],[-85.83,16.51],[-85.95,16.4]]],[[[-112.29,29.24],[-112.2,29.01],[-112.28,28.77],[-112.53,28.89],[-112.47,29.17],[-112.29,29.24]]],[[[-113.16,29.03],[-113.5,29.31],[-113.58,29.41],[-113.59,29.57],[-113.42,29.49],[-113.37,29.34],[-113.2,29.3],[-113.16,29.03]]],[[[-107.95,67.32],[-108.15,67.43],[-108.13,67.63],[-107.99,67.62],[-107.99,67.51],[-107.89,67.44],[-107.95,67.32]]],[[[-86.85,68.01],[-86.95,68.12],[-86.7,68.31],[-86.57,68.29],[-86.42,68.18],[-86.4,67.89],[-86.6,67.74],[-86.86,67.81],[-86.91,67.9],[-86.85,68.01]]],[[[-104.44,68.47],[-104.6,68.4],[-105.05,68.56],[-104.7,68.58],[-104.44,68.47]]],[[[-101.85,68.59],[-102.31,68.68],[-102.01,68.83],[-101.72,68.72],[-101.73,68.65],[-101.85,68.59]]],[[[-100.41,69.03],[-100.18,68.9],[-100.25,68.78],[-100.37,68.73],[-100.62,68.78],[-100.57,69.03],[-100.41,69.03]]],[[[-98.24,68.74],[-98.32,68.84],[-98.78,68.82],[-98.9,68.93],[-99.25,68.86],[-99.44,68.92],[-99.56,69.03],[-99.46,69.13],[-98.91,69.17],[-98.5,69.31],[-98.45,69.35],[-98.56,69.46],[-98.45,69.48],[-98.55,69.57],[-98.04,69.46],[-98.29,69.63],[-98.27,69.75],[-97.79,69.86],[-97.41,69.74],[-97.39,69.7],[-97.47,69.67],[-97.41,69.63],[-97.24,69.67],[-96.3,69.34],[-95.75,68.9],[-95.59,68.84],[-95.37,68.89],[-95.27,68.83],[-96.4,68.47],[-96.6,68.46],[-97.47,68.54],[-98.24,68.74]]],[[[-95.44,69.38],[-95.58,69.34],[-95.73,69.35],[-95.67,69.4],[-95.68,69.5],[-95.81,69.56],[-95.86,69.38],[-95.99,69.39],[-95.94,69.57],[-95.8,69.63],[-95.38,69.51],[-95.44,69.38]]],[[[-87.11,70.15],[-86.69,70.12],[-86.52,70.02],[-86.73,69.98],[-87.19,70.02],[-87.32,70.1],[-87.11,70.15]]],[[[-111.25,72.45],[-111.27,72.36],[-111.14,72.37],[-110.78,72.53],[-110.21,72.66],[-110.2,72.76],[-110.55,72.86],[-110.69,72.94],[-110.66,73.01],[-110.01,72.98],[-109.12,72.73],[-108.97,72.65],[-108.99,72.6],[-108.75,72.55],[-108.19,71.72],[-107.81,71.63],[-107.35,71.82],[-107.38,71.89],[-107.31,71.89],[-107.7,72.15],[-108.24,73.15],[-107.94,73.22],[-108.08,73.28],[-108.03,73.35],[-107.11,73.19],[-106.95,73.28],[-106.48,73.2],[-105.81,73.01],[-105.42,72.79],[-105.23,72.42],[-104.88,71.98],[-104.39,71.58],[-104.36,71.38],[-104.56,71.13],[-104.51,71.06],[-103.58,70.63],[-103.08,70.51],[-103.0,70.54],[-103.08,70.62],[-103.05,70.66],[-101.99,70.29],[-101.68,70.28],[-101.56,70.14],[-101.09,70.14],[-100.97,70.03],[-100.91,69.81],[-100.94,69.72],[-101.04,69.67],[-101.34,69.71],[-101.48,69.85],[-101.65,69.7],[-102.23,69.84],[-102.6,69.72],[-102.53,69.62],[-102.62,69.55],[-103.43,69.67],[-103.42,69.61],[-103.05,69.47],[-103.12,69.2],[-102.45,69.48],[-102.15,69.49],[-101.98,69.43],[-102.07,69.34],[-102.05,69.26],[-101.79,69.18],[-101.86,69.02],[-102.9,68.82],[-103.47,68.81],[-104.35,68.93],[-104.57,68.87],[-105.11,68.92],[-105.17,68.96],[-105.02,69.08],[-106.14,69.16],[-106.34,69.22],[-106.36,69.38],[-106.42,69.41],[-106.66,69.44],[-107.03,69.18],[-107.44,69.0],[-108.36,68.93],[-109.47,68.68],[-113.02,68.48],[-113.23,68.54],[-113.55,68.77],[-113.69,69.2],[-114.32,69.27],[-115.62,69.28],[-116.51,69.42],[-117.1,69.8],[-117.2,70.05],[-116.55,70.18],[-114.59,70.31],[-112.64,70.23],[-111.63,70.31],[-112.11,70.45],[-113.76,70.69],[-115.99,70.59],[-117.59,70.63],[-118.38,70.97],[-117.81,71.16],[-115.89,71.38],[-116.05,71.42],[-115.98,71.47],[-115.3,71.49],[-115.59,71.55],[-117.94,71.39],[-118.23,71.47],[-117.88,71.56],[-117.74,71.66],[-118.58,71.65],[-118.87,71.69],[-118.99,71.76],[-118.94,71.99],[-118.59,72.17],[-118.21,72.26],[-118.48,72.43],[-118.37,72.53],[-117.55,72.83],[-116.57,73.05],[-114.64,73.37],[-114.21,73.3],[-114.05,73.07],[-114.11,72.86],[-114.52,72.59],[-113.58,72.65],[-113.5,72.69],[-113.45,72.86],[-113.21,72.98],[-112.75,72.99],[-111.27,72.71],[-111.36,72.57],[-111.9,72.36],[-111.68,72.3],[-111.31,72.45],[-111.25,72.45]]],[[[-98.38,73.04],[-98.43,72.96],[-97.64,73.03],[-97.33,72.94],[-97.38,72.86],[-97.08,72.76],[-97.13,72.63],[-96.54,72.7],[-96.45,72.55],[-96.47,72.43],[-96.8,72.32],[-96.59,72.2],[-96.77,72.05],[-96.62,71.97],[-96.61,71.83],[-97.58,71.63],[-98.18,71.66],[-98.28,71.72],[-98.32,71.85],[-98.46,71.77],[-98.23,71.56],[-98.2,71.44],[-98.54,71.32],[-99.17,71.37],[-99.73,71.76],[-100.59,72.15],[-100.98,72.21],[-101.21,72.32],[-101.72,72.31],[-101.97,72.49],[-102.4,72.59],[-102.71,72.78],[-102.5,73.01],[-102.2,73.08],[-101.92,73.06],[-101.27,72.72],[-100.48,72.77],[-100.4,72.98],[-100.19,72.89],[-100.09,72.94],[-100.28,73.12],[-100.53,73.14],[-100.49,73.23],[-99.83,73.21],[-100.37,73.36],[-100.89,73.28],[-101.52,73.49],[-101.32,73.57],[-100.98,73.6],[-100.52,73.45],[-100.61,73.58],[-100.95,73.69],[-100.99,73.77],[-100.92,73.81],[-100.48,73.84],[-99.99,73.8],[-99.91,73.85],[-100.23,73.89],[-100.0,73.95],[-99.16,73.73],[-97.67,73.89],[-97.17,73.82],[-97.0,73.67],[-97.63,73.5],[-97.35,73.48],[-97.23,73.42],[-97.27,73.39],[-97.8,73.29],[-98.38,73.04]]],[[[-96.94,72.93],[-97.09,73.0],[-97.07,73.13],[-96.86,73.19],[-96.6,73.07],[-96.71,72.95],[-96.94,72.93]]],[[[-92.39,72.72],[-93.34,72.8],[-94.21,72.76],[-93.77,72.67],[-93.53,72.5],[-93.56,72.42],[-93.87,72.25],[-94.04,72.03],[-94.14,72.0],[-95.19,72.03],[-95.17,72.18],[-95.25,72.5],[-95.55,72.78],[-95.61,72.94],[-95.63,73.7],[-95.39,73.76],[-94.7,73.66],[-95.06,73.81],[-95.15,73.93],[-95.04,74.02],[-94.73,74.09],[-93.41,74.18],[-92.59,74.08],[-92.22,73.97],[-91.09,74.01],[-90.35,73.87],[-90.57,73.69],[-90.93,73.53],[-91.25,73.3],[-91.55,73.24],[-91.43,73.19],[-91.79,72.92],[-92.12,72.75],[-92.39,72.72]]],[[[-106.07,73.2],[-106.18,73.3],[-106.92,73.48],[-106.95,73.51],[-106.61,73.7],[-105.32,73.77],[-104.65,73.61],[-104.55,73.47],[-104.58,73.35],[-104.79,73.17],[-105.34,72.91],[-106.07,73.2]]],[[[-98.27,73.87],[-98.97,73.81],[-99.42,73.9],[-98.06,74.1],[-97.66,74.07],[-98.27,73.87]]],[[[-96.18,75.24],[-96.12,75.36],[-95.67,75.53],[-95.05,75.62],[-94.43,75.59],[-93.75,75.35],[-93.5,75.14],[-93.55,75.05],[-93.46,74.86],[-93.55,74.69],[-94.7,74.64],[-95.29,74.79],[-95.87,74.83],[-96.09,74.93],[-96.56,74.99],[-96.6,75.06],[-96.38,75.21],[-96.18,75.24]]],[[[-104.07,75.42],[-103.8,75.35],[-103.64,75.16],[-103.81,75.08],[-104.31,75.03],[-104.89,75.15],[-104.65,75.35],[-104.47,75.41],[-104.07,75.42]]],[[[-96.37,75.65],[-95.96,75.55],[-96.16,75.48],[-96.46,75.49],[-96.86,75.37],[-97.02,75.47],[-96.37,75.65]]],[[[-106.85,75.95],[-106.4,76.06],[-105.63,75.95],[-105.48,75.7],[-105.86,75.19],[-106.09,75.09],[-107.15,74.93],[-107.82,75.0],[-108.47,74.95],[-108.75,74.99],[-108.63,75.02],[-108.83,75.06],[-109.5,74.88],[-110.39,74.81],[-110.94,74.64],[-112.52,74.42],[-113.51,74.43],[-114.38,74.67],[-114.13,74.77],[-112.84,74.98],[-111.67,75.02],[-111.03,75.23],[-111.18,75.26],[-112.21,75.13],[-112.6,75.21],[-112.95,75.11],[-113.71,75.07],[-113.84,75.11],[-113.85,75.26],[-113.47,75.42],[-113.88,75.38],[-114.02,75.43],[-114.17,75.24],[-114.51,75.28],[-114.36,75.17],[-114.45,75.09],[-115.02,74.98],[-115.41,75.11],[-115.73,74.97],[-116.48,75.17],[-117.0,75.16],[-117.5,75.2],[-117.6,75.27],[-117.26,75.46],[-116.08,75.49],[-115.14,75.68],[-116.43,75.59],[-117.16,75.64],[-116.8,75.77],[-114.99,75.9],[-116.34,75.88],[-116.66,75.96],[-116.55,76.02],[-116.59,76.1],[-116.21,76.19],[-114.78,76.17],[-115.83,76.3],[-115.58,76.44],[-115.0,76.5],[-114.19,76.45],[-114.06,76.3],[-113.82,76.21],[-113.17,76.26],[-112.7,76.2],[-111.87,75.94],[-112.06,75.83],[-111.55,75.82],[-111.28,75.61],[-111.05,75.55],[-109.09,75.51],[-108.91,75.59],[-108.94,75.7],[-109.8,75.86],[-109.87,75.93],[-109.45,76.02],[-109.43,76.11],[-110.2,76.29],[-110.31,76.4],[-109.34,76.76],[-108.83,76.82],[-108.47,76.74],[-108.63,76.59],[-108.51,76.44],[-108.19,76.33],[-108.12,76.23],[-108.39,76.07],[-107.85,76.06],[-107.72,76.0],[-108.02,75.8],[-107.54,75.9],[-107.22,75.89],[-107.05,75.85],[-106.91,75.68],[-106.89,75.78],[-106.69,75.82],[-106.82,75.87],[-106.85,75.95]]],[[[-89.24,76.24],[-89.41,76.19],[-90.31,76.16],[-91.41,76.22],[-90.71,76.08],[-90.25,76.05],[-89.7,75.85],[-89.28,75.8],[-89.2,75.74],[-89.65,75.57],[-89.28,75.56],[-88.92,75.45],[-88.8,75.5],[-88.85,75.62],[-88.64,75.66],[-88.2,75.51],[-87.73,75.58],[-87.54,75.48],[-87.26,75.62],[-86.81,75.49],[-85.95,75.4],[-85.9,75.44],[-86.07,75.5],[-84.6,75.65],[-83.93,75.82],[-83.24,75.75],[-82.15,75.83],[-81.27,75.76],[-81.15,75.74],[-81.17,75.67],[-81.0,75.64],[-80.32,75.63],[-80.12,75.56],[-80.26,75.48],[-79.66,75.45],[-79.51,75.26],[-80.38,75.03],[-80.14,74.99],[-79.66,75.02],[-79.4,74.92],[-79.94,74.83],[-80.35,74.9],[-80.15,74.8],[-80.28,74.58],[-81.23,74.57],[-81.94,74.47],[-82.93,74.57],[-83.12,74.69],[-83.1,74.82],[-83.52,74.9],[-83.34,74.76],[-83.53,74.59],[-84.43,74.51],[-85.06,74.61],[-85.13,74.52],[-85.44,74.6],[-85.81,74.5],[-86.73,74.56],[-86.67,74.49],[-88.42,74.49],[-88.56,74.57],[-88.34,74.78],[-88.53,74.83],[-88.85,74.69],[-88.94,74.79],[-89.19,74.74],[-89.2,74.64],[-89.56,74.55],[-90.55,74.61],[-90.97,74.72],[-90.88,74.82],[-91.13,74.74],[-91.13,74.65],[-91.51,74.65],[-91.96,74.79],[-92.17,75.05],[-92.08,75.12],[-92.39,75.26],[-92.41,75.41],[-92.07,75.66],[-92.19,75.85],[-93.09,76.35],[-93.67,76.27],[-95.27,76.26],[-95.45,76.36],[-96.04,76.49],[-95.65,76.58],[-95.97,76.57],[-96.9,76.77],[-96.4,76.8],[-96.81,76.91],[-96.76,76.97],[-95.64,77.06],[-94.29,76.91],[-93.81,76.91],[-93.23,76.77],[-93.19,76.69],[-93.53,76.45],[-93.0,76.62],[-91.31,76.68],[-90.54,76.5],[-91.4,76.51],[-91.42,76.46],[-89.28,76.3],[-89.24,76.24]]],[[[-97.85,75.26],[-97.67,75.13],[-98.07,75.2],[-97.95,75.06],[-98.12,75.03],[-100.23,75.01],[-100.48,75.19],[-100.15,75.25],[-100.73,75.35],[-100.71,75.41],[-100.28,75.46],[-99.76,75.63],[-99.19,75.7],[-102.54,75.51],[-102.8,75.6],[-102.25,75.78],[-102.14,75.88],[-101.26,75.76],[-100.97,75.8],[-101.29,75.79],[-101.51,75.92],[-101.43,75.99],[-101.72,76.01],[-101.87,76.08],[-101.56,76.24],[-102.14,76.28],[-101.79,76.45],[-101.34,76.41],[-101.14,76.35],[-101.06,76.25],[-100.02,75.94],[-99.69,75.96],[-99.98,76.03],[-100.09,76.13],[-99.54,76.15],[-100.41,76.24],[-99.98,76.31],[-100.89,76.48],[-100.39,76.61],[-99.67,76.62],[-99.17,76.45],[-98.89,76.47],[-99.02,76.61],[-98.71,76.69],[-97.81,76.52],[-97.7,76.47],[-97.74,76.34],[-97.53,76.18],[-97.65,75.98],[-97.6,75.85],[-97.89,75.76],[-97.41,75.67],[-97.34,75.42],[-97.65,75.51],[-97.88,75.42],[-97.85,75.26]]],[[[-94.9,75.93],[-94.5,75.99],[-94.3,75.79],[-94.75,75.77],[-94.9,75.93]]],[[[-102.73,76.31],[-102.58,76.28],[-102.49,76.1],[-102.01,75.94],[-102.42,75.87],[-102.58,75.78],[-103.31,75.76],[-103.04,75.92],[-103.2,75.96],[-103.77,75.89],[-103.99,75.93],[-103.8,76.04],[-104.24,76.05],[-104.41,76.11],[-104.35,76.18],[-104.01,76.22],[-102.73,76.31]]],[[[-103.03,76.43],[-103.31,76.35],[-104.36,76.33],[-104.6,76.58],[-104.07,76.67],[-103.96,76.64],[-104.02,76.58],[-103.72,76.6],[-103.03,76.43]]],[[[-101.23,76.58],[-101.61,76.6],[-100.89,76.74],[-100.27,76.73],[-101.23,76.58]]],[[[-89.82,76.63],[-89.73,76.51],[-90.16,76.52],[-90.56,76.75],[-90.14,76.84],[-89.7,76.74],[-89.82,76.63]]],[[[-113.49,76.78],[-113.71,76.71],[-114.84,76.79],[-113.89,76.89],[-113.49,76.78]]],[[[-90.17,77.59],[-89.72,77.44],[-89.69,77.34],[-90.23,77.21],[-91.15,77.39],[-91.15,77.61],[-90.84,77.65],[-90.17,77.59]]],[[[-105.22,77.18],[-106.07,77.73],[-105.86,77.75],[-105.29,77.64],[-105.01,77.51],[-104.96,77.42],[-104.54,77.34],[-104.46,77.22],[-104.49,77.16],[-104.71,77.12],[-105.22,77.18]]],[[[-93.54,77.47],[-95.99,77.48],[-96.28,77.63],[-96.14,77.71],[-95.48,77.79],[-93.58,77.77],[-93.13,77.66],[-93.34,77.63],[-93.54,77.47]]],[[[-113.28,77.81],[-113.19,77.91],[-111.21,78.09],[-109.62,78.07],[-109.77,77.96],[-110.87,77.83],[-110.72,77.78],[-110.29,77.79],[-110.12,77.72],[-110.2,77.52],[-112.18,77.34],[-113.16,77.53],[-113.21,77.58],[-113.12,77.63],[-113.28,77.81]]],[[[-101.0,77.74],[-102.08,77.69],[-102.38,77.73],[-102.48,77.84],[-102.45,77.88],[-101.92,77.9],[-101.32,77.85],[-101.0,77.74]]],[[[-114.28,78.0],[-113.77,77.9],[-113.62,77.81],[-114.29,77.72],[-114.61,77.77],[-115.03,77.97],[-114.3,78.06],[-114.28,78.0]]],[[[-97.66,78.09],[-96.94,78.15],[-97.82,78.23],[-98.05,78.33],[-98.07,78.39],[-98.32,78.48],[-98.06,78.56],[-98.34,78.75],[-98.21,78.8],[-97.38,78.78],[-96.48,78.67],[-96.2,78.53],[-95.56,78.52],[-95.03,78.43],[-94.89,78.35],[-95.33,78.23],[-94.93,78.08],[-95.2,77.97],[-96.99,77.81],[-97.06,77.86],[-97.02,77.91],[-97.43,77.98],[-97.66,78.09]]],[[[-111.71,78.57],[-110.62,78.76],[-109.5,78.58],[-109.34,78.46],[-109.35,78.37],[-109.48,78.32],[-110.76,78.31],[-111.17,78.39],[-111.52,78.27],[-112.13,78.37],[-113.17,78.28],[-113.29,78.33],[-112.86,78.47],[-111.71,78.57]]],[[[-99.58,78.56],[-99.85,78.44],[-99.75,78.3],[-99.13,78.12],[-99.0,78.0],[-99.17,77.86],[-99.96,77.79],[-100.59,77.89],[-100.76,77.98],[-100.83,78.09],[-101.07,78.19],[-102.06,78.28],[-102.61,78.25],[-102.77,78.31],[-102.73,78.37],[-103.95,78.26],[-104.51,78.29],[-104.88,78.4],[-105.0,78.52],[-104.73,78.58],[-103.57,78.54],[-103.48,78.59],[-104.02,78.63],[-103.37,78.74],[-104.19,78.78],[-103.88,78.9],[-104.15,78.99],[-104.9,78.81],[-104.97,78.86],[-104.75,79.03],[-105.54,79.03],[-105.58,79.11],[-105.39,79.32],[-103.71,79.35],[-102.91,79.23],[-102.65,79.1],[-102.73,78.97],[-102.6,78.94],[-102.58,78.88],[-102.42,78.93],[-102.39,79.01],[-101.7,79.08],[-101.04,78.94],[-101.13,78.8],[-100.44,78.82],[-100.01,78.73],[-99.58,78.56]]],[[[-88.2,80.13],[-88.38,80.23],[-88.61,80.26],[-88.64,80.39],[-88.13,80.43],[-87.67,80.37],[-87.63,80.19],[-87.92,80.1],[-87.2,80.04],[-86.98,79.89],[-87.14,79.66],[-87.3,79.58],[-86.34,79.63],[-86.18,79.61],[-86.01,79.48],[-85.65,79.61],[-85.04,79.28],[-86.96,78.97],[-87.08,78.87],[-87.62,78.68],[-87.92,78.75],[-87.95,78.92],[-87.82,79.04],[-88.04,79.0],[-88.16,78.93],[-88.17,78.75],[-88.25,78.67],[-88.0,78.62],[-87.98,78.54],[-88.15,78.48],[-88.58,78.6],[-88.74,78.58],[-88.61,78.39],[-88.82,78.19],[-89.1,78.21],[-90.04,78.61],[-90.08,78.55],[-89.49,78.17],[-90.46,78.33],[-90.65,78.31],[-90.33,78.18],[-91.41,78.19],[-92.35,78.31],[-92.85,78.46],[-91.87,78.54],[-93.27,78.61],[-93.63,78.75],[-93.16,78.78],[-93.9,78.87],[-94.17,78.97],[-93.29,79.14],[-92.68,79.19],[-92.55,79.28],[-91.3,79.37],[-92.25,79.37],[-92.82,79.45],[-93.93,79.29],[-94.11,79.32],[-93.94,79.39],[-94.11,79.4],[-95.1,79.29],[-95.73,79.42],[-95.66,79.53],[-94.52,79.67],[-94.4,79.74],[-95.3,79.65],[-95.86,79.67],[-96.46,79.85],[-96.77,80.14],[-94.65,80.05],[-94.58,80.14],[-94.26,80.19],[-95.41,80.14],[-95.65,80.23],[-96.03,80.22],[-96.39,80.32],[-96.11,80.38],[-95.55,80.37],[-96.15,80.55],[-96.13,80.69],[-95.93,80.72],[-95.23,80.69],[-94.89,80.57],[-93.93,80.56],[-94.6,80.64],[-94.79,80.75],[-95.51,80.84],[-95.27,81.0],[-93.24,81.13],[-93.41,81.21],[-94.11,81.22],[-94.23,81.29],[-94.06,81.35],[-93.33,81.36],[-92.21,81.24],[-91.27,80.85],[-90.68,80.69],[-90.64,80.59],[-89.8,80.5],[-89.24,80.51],[-89.13,80.44],[-89.2,80.41],[-89.15,80.36],[-89.2,80.26],[-88.54,80.13],[-88.2,80.13]]],[[[-98.95,79.72],[-99.3,79.78],[-99.52,79.89],[-100.09,79.92],[-100.12,80.03],[-99.8,80.14],[-99.02,80.11],[-98.82,80.04],[-98.77,79.85],[-98.84,79.74],[-98.95,79.72]]],[[[-75.05,-51.4],[-75.29,-51.63],[-75.15,-51.28],[-75.04,-51.32],[-74.74,-51.21],[-74.57,-51.25],[-74.59,-51.39],[-74.73,-51.37],[-74.85,-51.43],[-75.05,-51.4]]],[[[-75.33,-50.77],[-75.44,-50.74],[-75.48,-50.65],[-75.43,-50.48],[-75.12,-50.51],[-75.29,-50.6],[-75.33,-50.77]]],[[[-75.45,-50.34],[-75.33,-50.01],[-74.88,-50.11],[-74.84,-50.2],[-75.25,-50.38],[-75.45,-50.34]]],[[[-75.52,-49.62],[-75.34,-49.63],[-75.31,-49.49],[-75.47,-49.36],[-75.33,-49.27],[-75.09,-49.27],[-75.09,-49.19],[-75.21,-49.15],[-75.18,-49.08],[-74.95,-48.96],[-74.97,-48.79],[-74.79,-48.71],[-74.55,-48.77],[-74.48,-49.15],[-74.52,-49.62],[-74.46,-49.69],[-74.59,-50.01],[-74.76,-50.01],[-74.88,-49.73],[-74.72,-49.42],[-74.96,-49.53],[-75.07,-49.85],[-75.55,-49.79],[-75.57,-49.7],[-75.52,-49.62]]],[[[-75.64,-48.94],[-75.58,-48.86],[-75.12,-48.77],[-75.12,-48.92],[-75.51,-49.23],[-75.64,-49.2],[-75.49,-49.08],[-75.64,-48.94]]],[[[-75.39,-48.02],[-75.16,-48.43],[-75.16,-48.62],[-75.23,-48.67],[-75.62,-48.76],[-75.65,-48.59],[-75.51,-48.23],[-75.56,-48.07],[-75.39,-48.02]]],[[[-75.25,-48.03],[-74.83,-47.85],[-74.85,-48.02],[-74.6,-48.37],[-74.59,-48.62],[-74.92,-48.63],[-75.01,-48.54],[-75.21,-48.14],[-75.25,-48.03]]],[[[-80.27,-3.0],[-80.22,-2.75],[-80.08,-2.67],[-79.91,-2.73],[-80.07,-2.83],[-80.15,-3.01],[-80.27,-3.0]]],[[[-78.29,18.22],[-78.33,18.35],[-78.22,18.45],[-77.87,18.52],[-76.91,18.39],[-76.7,18.26],[-76.35,18.15],[-76.21,17.91],[-76.42,17.87],[-76.85,17.97],[-76.94,17.85],[-77.12,17.88],[-77.2,17.71],[-77.36,17.83],[-77.77,17.88],[-78.04,18.17],[-78.29,18.22]]],[[[-81.42,19.37],[-81.13,19.35],[-81.11,19.31],[-81.4,19.28],[-81.42,19.37]]],[[[-77.5,21.87],[-77.14,21.64],[-77.18,21.6],[-77.37,21.61],[-77.25,21.48],[-77.1,21.59],[-76.84,21.4],[-76.87,21.33],[-76.73,21.36],[-76.65,21.28],[-76.26,21.23],[-76.07,21.13],[-75.72,21.11],[-75.6,20.99],[-75.66,20.9],[-75.6,20.84],[-75.74,20.81],[-75.72,20.71],[-74.88,20.65],[-74.51,20.38],[-74.17,20.29],[-74.15,20.17],[-74.25,20.08],[-74.63,20.06],[-75.12,19.9],[-75.15,20.01],[-75.29,19.89],[-76.16,19.99],[-77.72,19.86],[-77.55,20.08],[-77.1,20.41],[-77.23,20.64],[-78.12,20.76],[-78.49,21.05],[-78.58,21.41],[-78.73,21.59],[-79.36,21.59],[-80.23,21.87],[-80.49,22.12],[-80.5,22.06],[-81.04,22.07],[-81.19,22.27],[-81.28,22.11],[-81.44,22.18],[-81.85,22.21],[-82.08,22.39],[-81.71,22.5],[-81.7,22.59],[-81.84,22.67],[-82.74,22.69],[-83.38,22.22],[-83.9,22.17],[-84.03,21.94],[-84.5,21.78],[-84.5,21.93],[-84.89,21.86],[-84.33,22.07],[-84.36,22.38],[-84.12,22.62],[-83.26,22.97],[-82.1,23.19],[-81.58,23.12],[-81.26,23.16],[-81.14,23.05],[-80.65,23.1],[-80.46,22.98],[-79.82,22.89],[-79.85,22.83],[-79.28,22.41],[-78.69,22.37],[-77.64,21.8],[-77.5,21.79],[-77.58,21.89],[-77.5,21.87]]],[[[-82.97,21.59],[-83.08,21.79],[-82.99,21.94],[-82.76,21.91],[-82.56,21.57],[-82.85,21.44],[-83.07,21.47],[-83.18,21.59],[-83.05,21.55],[-82.97,21.59]]],[[[-77.63,22.05],[-77.71,21.92],[-77.9,22.04],[-77.92,22.09],[-77.63,22.05]]],[[[-78.0,22.3],[-77.84,22.15],[-78.04,22.2],[-78.0,22.3]]],[[[-78.05,22.27],[-78.18,22.32],[-78.27,22.42],[-78.15,22.43],[-78.05,22.27]]],[[[-78.7,22.53],[-78.35,22.54],[-78.28,22.46],[-78.55,22.46],[-78.7,22.53]]],[[[-79.63,22.81],[-79.58,22.81],[-79.35,22.64],[-79.52,22.71],[-79.63,22.81]]],[[[-75.32,23.67],[-75.06,23.15],[-74.85,23.0],[-74.85,22.87],[-74.97,23.07],[-75.22,23.17],[-75.13,23.27],[-75.32,23.67]]],[[[-76.01,23.67],[-75.66,23.45],[-76.04,23.6],[-76.01,23.67]]],[[[-77.62,24.22],[-77.52,23.87],[-77.57,23.74],[-77.77,23.75],[-77.85,24.04],[-78.0,24.22],[-77.7,24.29],[-77.66,24.23],[-77.76,24.16],[-77.68,24.12],[-77.62,24.22]]],[[[-78.16,25.2],[-77.98,25.08],[-77.97,25.0],[-77.74,24.71],[-77.74,24.5],[-78.04,24.29],[-78.15,24.49],[-78.19,24.47],[-78.44,24.63],[-78.34,24.64],[-78.32,24.59],[-78.24,24.65],[-78.3,24.75],[-78.18,24.92],[-78.21,25.19],[-78.16,25.2]]],[[[-76.17,24.65],[-76.32,24.82],[-76.21,24.82],[-76.16,25.12],[-76.37,25.31],[-76.62,25.43],[-76.78,25.43],[-76.71,25.56],[-76.13,25.14],[-76.17,24.65]]],[[[-77.19,25.96],[-77.25,25.9],[-77.4,26.02],[-77.25,26.16],[-77.22,26.36],[-77.21,26.49],[-77.51,26.85],[-77.94,26.9],[-77.53,26.9],[-77.07,26.53],[-77.04,26.33],[-77.17,26.24],[-77.19,25.96]]],[[[-78.67,26.51],[-78.8,26.53],[-78.99,26.69],[-78.8,26.58],[-78.71,26.6],[-78.6,26.8],[-78.37,26.7],[-77.94,26.74],[-77.92,26.69],[-78.67,26.51]]],[[[-81.14,53.21],[-80.9,53.04],[-80.71,52.83],[-80.73,52.75],[-81.1,52.78],[-82.04,53.05],[-81.85,53.19],[-81.14,53.21]]],[[[-79.46,56.54],[-79.43,56.45],[-79.55,56.19],[-79.46,56.21],[-79.27,56.6],[-78.96,56.42],[-78.91,56.32],[-79.18,55.89],[-79.27,55.92],[-79.14,56.14],[-79.18,56.21],[-79.41,55.93],[-79.76,55.81],[-79.5,56.09],[-79.54,56.13],[-79.9,55.87],[-80.01,55.91],[-79.52,56.33],[-79.46,56.54]]],[[[-79.67,61.64],[-79.82,61.59],[-80.27,61.82],[-80.23,62.15],[-79.93,62.39],[-79.55,62.41],[-79.29,62.25],[-79.32,62.03],[-79.67,61.64]]],[[[-81.99,62.78],[-82.11,62.65],[-83.07,62.2],[-83.38,62.24],[-83.7,62.16],[-83.91,62.45],[-83.38,62.9],[-82.97,62.87],[-82.23,62.98],[-81.96,62.93],[-81.99,62.78]]],[[[-78.54,63.42],[-78.23,63.49],[-77.88,63.47],[-77.7,63.43],[-77.53,63.27],[-77.66,63.16],[-77.94,63.11],[-78.54,63.42]]],[[[-76.68,63.39],[-76.78,63.38],[-77.36,63.59],[-77.13,63.68],[-76.65,63.5],[-76.68,63.39]]],[[[-81.89,64.02],[-81.34,64.08],[-81.02,64.03],[-80.83,64.09],[-80.57,63.93],[-80.67,63.9],[-80.26,63.8],[-81.05,63.46],[-82.38,63.71],[-82.47,63.93],[-83.03,64.02],[-83.02,64.13],[-83.07,64.16],[-83.3,64.14],[-83.58,64.06],[-83.73,63.81],[-84.31,63.59],[-84.63,63.31],[-85.39,63.12],[-85.5,63.14],[-85.77,63.7],[-86.58,63.66],[-86.92,63.57],[-87.18,63.6],[-87.19,63.67],[-86.93,63.9],[-86.25,64.14],[-86.37,64.57],[-86.19,65.01],[-86.07,65.53],[-85.81,65.83],[-85.55,65.92],[-85.24,65.8],[-85.11,65.62],[-85.24,65.51],[-85.06,65.44],[-84.89,65.25],[-84.61,65.45],[-84.5,65.46],[-84.08,65.22],[-83.41,65.1],[-83.22,64.97],[-82.67,64.78],[-82.05,64.64],[-81.79,64.43],[-81.68,64.21],[-81.68,64.15],[-81.89,64.02]]],[[[-84.6,65.63],[-84.78,65.57],[-85.07,65.74],[-85.17,65.94],[-85.15,66.02],[-84.92,66.0],[-84.6,65.63]]],[[[-83.95,66.03],[-83.7,65.92],[-83.77,65.83],[-83.73,65.8],[-83.23,65.72],[-83.33,65.63],[-83.58,65.7],[-83.79,65.67],[-83.7,65.76],[-84.12,65.77],[-84.14,65.92],[-84.47,66.09],[-84.41,66.13],[-83.95,66.03]]],[[[-75.68,68.32],[-75.15,68.23],[-75.08,68.17],[-75.13,67.97],[-75.09,67.63],[-75.2,67.46],[-75.78,67.28],[-76.94,67.25],[-77.16,67.41],[-77.31,67.71],[-77.13,67.95],[-76.69,68.25],[-76.36,68.32],[-75.68,68.32]]],[[[-84.28,72.06],[-84.84,72.31],[-84.62,72.38],[-85.16,72.38],[-85.39,72.44],[-85.64,72.63],[-85.64,72.77],[-85.45,72.93],[-85.26,72.95],[-84.26,72.8],[-85.38,73.05],[-85.45,73.11],[-85.02,73.34],[-84.42,73.46],[-83.78,73.42],[-83.9,73.53],[-83.41,73.63],[-82.66,73.73],[-81.61,73.7],[-81.34,73.6],[-81.15,73.31],[-80.6,73.12],[-80.59,72.93],[-80.28,72.77],[-81.23,72.31],[-80.61,72.45],[-80.94,72.21],[-80.69,72.1],[-80.92,72.07],[-80.93,71.91],[-80.18,72.21],[-79.88,72.18],[-80.11,72.33],[-79.83,72.45],[-79.58,72.31],[-79.32,72.39],[-79.0,72.27],[-79.01,72.04],[-78.59,71.88],[-78.86,72.1],[-78.82,72.27],[-78.7,72.35],[-77.52,72.18],[-78.29,72.36],[-78.48,72.47],[-78.42,72.57],[-77.75,72.72],[-76.89,72.72],[-76.19,72.57],[-75.7,72.57],[-75.29,72.48],[-75.07,72.32],[-75.05,72.23],[-75.54,72.01],[-75.92,71.72],[-75.6,71.92],[-75.15,72.06],[-74.69,72.1],[-74.27,72.04],[-74.21,71.94],[-74.32,71.84],[-75.2,71.71],[-74.7,71.68],[-74.83,71.57],[-74.84,71.41],[-75.04,71.23],[-75.0,71.22],[-74.76,71.34],[-74.6,71.58],[-74.49,71.65],[-73.87,71.77],[-73.71,71.72],[-74.2,71.4],[-73.71,71.59],[-73.18,71.28],[-73.31,71.48],[-73.28,71.54],[-72.9,71.68],[-71.64,71.52],[-71.33,71.4],[-71.19,71.28],[-71.5,71.11],[-71.94,71.09],[-72.63,70.83],[-72.31,70.83],[-72.01,71.01],[-71.74,71.05],[-71.37,70.98],[-71.19,70.98],[-70.83,71.11],[-70.67,71.05],[-70.64,70.9],[-70.76,70.79],[-71.89,70.43],[-71.73,70.4],[-71.43,70.55],[-71.28,70.5],[-71.43,70.13],[-70.98,70.58],[-70.08,70.83],[-69.29,70.78],[-68.5,70.61],[-68.36,70.52],[-68.48,70.41],[-69.44,70.25],[-70.06,70.04],[-69.8,70.05],[-69.48,70.16],[-68.78,70.2],[-68.72,70.15],[-69.01,69.98],[-68.74,69.94],[-68.23,70.11],[-68.33,70.18],[-68.12,70.31],[-67.86,70.28],[-67.36,70.03],[-67.2,69.86],[-67.19,69.76],[-68.02,69.77],[-68.37,69.64],[-68.84,69.62],[-69.25,69.51],[-68.51,69.58],[-67.91,69.46],[-67.36,69.47],[-66.77,69.34],[-66.68,69.26],[-66.68,69.19],[-66.8,69.15],[-67.61,69.17],[-67.94,69.25],[-68.62,69.21],[-69.04,69.1],[-68.42,69.17],[-67.75,69.04],[-67.75,68.93],[-67.88,68.78],[-69.32,68.86],[-68.21,68.7],[-67.94,68.52],[-67.66,68.55],[-66.71,68.45],[-67.03,68.33],[-66.83,68.22],[-66.92,68.07],[-66.73,68.13],[-66.66,68.03],[-66.61,68.11],[-66.63,68.21],[-66.21,68.28],[-66.27,68.04],[-66.53,67.85],[-66.39,67.83],[-65.94,68.07],[-65.97,67.96],[-65.86,67.92],[-65.7,67.99],[-65.51,67.97],[-65.54,67.77],[-65.4,67.67],[-65.42,67.88],[-64.98,68.04],[-64.84,67.99],[-65.03,67.89],[-65.07,67.82],[-65.02,67.79],[-64.64,67.84],[-64.16,67.62],[-64.02,67.65],[-63.85,67.57],[-64.08,67.5],[-64.01,67.35],[-64.7,67.35],[-64.59,67.32],[-64.36,67.26],[-63.84,67.26],[-63.82,67.32],[-63.59,67.38],[-63.04,67.24],[-63.16,67.17],[-63.26,67.02],[-63.7,66.82],[-62.96,66.95],[-62.38,66.91],[-62.12,67.05],[-61.97,67.02],[-61.3,66.65],[-61.53,66.56],[-61.9,66.68],[-62.12,66.64],[-61.65,66.5],[-61.58,66.41],[-61.86,66.31],[-62.55,66.41],[-62.41,66.32],[-62.53,66.23],[-61.99,66.04],[-62.62,66.02],[-62.45,65.95],[-62.38,65.83],[-62.61,65.72],[-62.66,65.64],[-63.17,65.66],[-63.46,65.85],[-63.42,65.71],[-63.65,65.66],[-63.34,65.62],[-63.36,65.23],[-63.61,64.93],[-63.9,65.11],[-64.15,65.07],[-64.35,65.17],[-64.27,65.4],[-64.56,65.12],[-65.11,65.46],[-65.4,65.76],[-65.18,65.94],[-64.85,66.02],[-64.45,66.32],[-64.66,66.29],[-65.0,66.08],[-65.42,65.99],[-65.83,66.0],[-65.89,66.02],[-65.86,66.09],[-65.66,66.2],[-66.06,66.13],[-66.48,66.28],[-66.79,66.56],[-66.99,66.63],[-66.97,66.55],[-67.08,66.53],[-67.31,66.57],[-67.19,66.43],[-67.23,66.31],[-67.88,66.47],[-67.7,66.27],[-67.18,66.03],[-67.35,65.93],[-67.83,65.97],[-68.46,66.25],[-68.75,66.2],[-68.22,66.08],[-68.26,65.94],[-68.19,65.87],[-67.87,65.77],[-67.94,65.56],[-67.57,65.64],[-67.12,65.44],[-67.34,65.35],[-67.07,65.24],[-66.97,65.08],[-66.83,65.07],[-66.7,64.82],[-66.64,65.0],[-66.22,64.85],[-66.3,64.78],[-66.21,64.72],[-65.94,64.89],[-65.51,64.71],[-65.43,64.73],[-65.27,64.63],[-65.53,64.5],[-65.18,64.51],[-65.07,64.44],[-65.21,64.3],[-65.58,64.29],[-65.35,64.23],[-65.15,64.09],[-65.17,64.03],[-64.68,64.03],[-64.69,63.96],[-64.8,63.92],[-64.58,63.9],[-64.41,63.71],[-64.56,63.68],[-64.51,63.26],[-64.66,63.25],[-64.93,63.6],[-65.19,63.76],[-65.0,63.33],[-65.07,63.26],[-64.67,62.92],[-64.87,62.88],[-65.16,62.93],[-65.05,62.7],[-65.11,62.63],[-66.22,63.11],[-66.23,62.99],[-66.41,63.03],[-66.65,63.26],[-66.64,63.08],[-66.7,63.07],[-67.02,63.32],[-67.26,63.34],[-67.89,63.73],[-67.72,63.42],[-68.49,63.73],[-68.86,63.75],[-68.91,63.7],[-68.79,63.6],[-68.14,63.17],[-67.68,63.09],[-67.74,63.01],[-67.37,62.91],[-66.98,62.7],[-66.64,62.6],[-66.28,62.3],[-65.98,62.21],[-66.13,62.1],[-66.06,61.91],[-66.26,61.87],[-67.44,62.15],[-68.54,62.26],[-69.13,62.42],[-69.6,62.77],[-70.24,62.76],[-71.11,63.0],[-70.95,63.12],[-71.25,63.04],[-71.5,63.13],[-71.99,63.42],[-71.61,63.44],[-71.38,63.58],[-71.84,63.72],[-72.29,63.73],[-72.17,63.89],[-72.5,63.82],[-72.68,64.02],[-73.45,64.4],[-73.27,64.58],[-73.91,64.58],[-73.95,64.47],[-74.06,64.42],[-74.13,64.61],[-74.46,64.64],[-74.68,64.83],[-74.92,64.77],[-74.64,64.56],[-74.69,64.5],[-75.07,64.46],[-75.72,64.52],[-75.77,64.39],[-76.86,64.24],[-77.79,64.37],[-78.17,64.62],[-78.19,64.75],[-78.06,64.98],[-77.36,65.2],[-77.46,65.36],[-77.33,65.45],[-76.48,65.37],[-75.83,65.23],[-75.52,65.06],[-75.59,64.91],[-75.45,64.84],[-75.36,65.01],[-75.8,65.3],[-75.17,65.28],[-74.98,65.38],[-74.49,65.37],[-73.99,65.52],[-73.55,65.49],[-73.75,65.77],[-74.28,66.01],[-74.42,66.17],[-73.28,66.67],[-73.03,66.73],[-72.79,67.03],[-72.36,67.13],[-72.22,67.25],[-72.73,67.81],[-73.33,68.27],[-73.28,68.36],[-73.64,68.29],[-73.82,68.36],[-73.88,68.43],[-73.78,68.62],[-73.85,68.7],[-74.12,68.7],[-73.99,68.55],[-74.42,68.58],[-74.65,68.71],[-74.7,68.81],[-74.91,68.82],[-74.74,68.91],[-74.95,68.96],[-74.72,69.05],[-74.85,69.07],[-75.21,68.91],[-75.52,68.95],[-76.23,68.73],[-76.59,68.7],[-76.56,69.01],[-75.95,69.03],[-75.65,69.21],[-75.79,69.32],[-76.41,69.44],[-76.52,69.52],[-76.46,69.62],[-76.23,69.66],[-76.51,69.68],[-76.74,69.57],[-77.09,69.64],[-77.13,69.65],[-76.86,69.78],[-77.02,69.84],[-77.59,69.85],[-77.77,70.24],[-78.28,70.23],[-79.07,70.6],[-79.41,70.4],[-79.02,70.33],[-78.81,70.18],[-78.82,70.01],[-79.09,69.93],[-79.52,69.89],[-80.67,70.05],[-81.65,70.09],[-81.02,69.9],[-80.84,69.79],[-80.92,69.73],[-81.56,69.94],[-82.29,69.84],[-83.15,70.01],[-83.86,69.96],[-85.43,70.11],[-85.78,70.04],[-86.32,70.15],[-86.5,70.35],[-86.4,70.47],[-86.7,70.39],[-87.12,70.41],[-87.17,70.4],[-87.06,70.33],[-87.62,70.32],[-87.9,70.25],[-88.4,70.44],[-88.85,70.52],[-89.21,70.76],[-89.46,71.06],[-87.84,70.94],[-87.14,71.01],[-87.87,71.21],[-89.08,71.29],[-89.69,71.42],[-89.85,71.49],[-90.03,71.95],[-89.66,72.16],[-89.86,72.25],[-89.82,72.47],[-89.36,72.8],[-89.23,73.11],[-88.76,73.31],[-88.71,73.4],[-87.93,73.67],[-87.47,73.76],[-86.41,73.85],[-85.11,73.81],[-84.95,73.72],[-86.0,73.31],[-86.63,72.87],[-86.67,72.76],[-86.32,72.46],[-86.34,72.12],[-86.22,71.9],[-86.04,71.77],[-85.02,71.35],[-85.41,71.23],[-86.59,71.01],[-85.64,71.15],[-85.0,71.14],[-85.07,71.08],[-84.87,71.0],[-84.79,71.09],[-84.66,71.51],[-84.7,71.63],[-85.34,71.7],[-85.91,71.99],[-85.32,72.23],[-84.28,72.06]]],[[[-74.88,68.35],[-75.4,68.53],[-75.29,68.69],[-74.98,68.65],[-74.8,68.46],[-74.88,68.35]]],[[[-79.39,68.89],[-79.24,69.05],[-78.9,69.14],[-78.8,69.24],[-78.66,69.26],[-78.65,69.35],[-78.46,69.39],[-78.3,69.38],[-78.23,69.3],[-78.85,68.92],[-79.28,68.84],[-79.39,68.89]]],[[[-77.22,69.14],[-77.38,69.27],[-77.32,69.42],[-76.67,69.35],[-77.0,69.14],[-77.22,69.14]]],[[[-78.58,69.64],[-78.3,69.67],[-78.2,69.74],[-78.03,69.71],[-77.97,69.64],[-78.47,69.5],[-78.85,69.48],[-78.58,69.64]]],[[[-79.55,69.63],[-80.05,69.63],[-79.98,69.51],[-80.79,69.69],[-80.21,69.8],[-80.12,69.74],[-79.97,69.74],[-79.59,69.81],[-79.43,69.79],[-79.36,69.71],[-79.55,69.63]]],[[[-80.18,73.22],[-80.78,73.33],[-80.82,73.43],[-80.74,73.48],[-80.83,73.53],[-80.86,73.67],[-80.82,73.74],[-80.62,73.77],[-79.37,73.64],[-78.06,73.65],[-77.21,73.5],[-77.01,73.36],[-76.76,73.31],[-76.57,73.16],[-76.29,73.08],[-76.31,73.0],[-76.09,72.88],[-76.4,72.82],[-78.31,72.88],[-79.5,72.76],[-79.94,72.86],[-80.18,73.22]]],[[[-79.05,75.87],[-79.54,75.83],[-79.7,75.88],[-79.01,76.15],[-78.85,76.11],[-79.06,75.99],[-79.05,75.87]]],[[[-63.98,82.83],[-63.5,82.79],[-63.64,82.71],[-63.09,82.57],[-63.25,82.45],[-62.48,82.52],[-61.7,82.49],[-61.48,82.47],[-61.21,82.34],[-62.18,82.04],[-64.44,81.74],[-65.23,81.74],[-65.7,81.65],[-66.63,81.62],[-66.91,81.49],[-68.69,81.29],[-68.72,81.26],[-68.54,81.25],[-65.74,81.49],[-64.78,81.49],[-65.48,81.28],[-68.63,80.68],[-69.55,80.38],[-70.14,80.4],[-70.71,80.54],[-70.21,80.28],[-70.26,80.23],[-72.06,80.12],[-71.62,80.07],[-70.76,80.12],[-70.56,80.07],[-71.36,79.91],[-71.11,79.85],[-71.39,79.76],[-72.44,79.69],[-74.39,79.87],[-74.66,79.84],[-73.47,79.76],[-73.2,79.6],[-73.47,79.5],[-75.5,79.41],[-76.9,79.51],[-75.6,79.24],[-74.48,79.23],[-74.53,79.05],[-75.23,79.04],[-75.91,79.12],[-78.58,79.08],[-77.88,78.94],[-76.26,79.01],[-75.8,78.89],[-75.1,78.86],[-74.43,78.72],[-74.55,78.62],[-74.88,78.54],[-76.42,78.51],[-75.19,78.33],[-75.55,78.22],[-75.97,77.99],[-76.97,77.93],[-78.01,77.95],[-78.08,77.85],[-78.08,77.52],[-78.49,77.37],[-80.57,77.31],[-81.66,77.53],[-81.28,77.37],[-82.06,77.3],[-81.76,77.2],[-81.12,77.27],[-80.22,77.15],[-79.5,77.2],[-79.34,77.16],[-79.28,77.09],[-79.32,76.98],[-79.22,76.94],[-78.79,76.88],[-78.29,76.98],[-78.0,76.85],[-77.98,76.75],[-78.28,76.57],[-79.51,76.31],[-80.69,76.18],[-81.0,76.21],[-80.83,76.37],[-80.97,76.47],[-81.72,76.49],[-82.03,76.63],[-82.53,76.72],[-82.26,76.57],[-82.23,76.47],[-83.89,76.45],[-84.22,76.68],[-84.28,76.36],[-85.34,76.31],[-86.12,76.43],[-86.45,76.58],[-86.68,76.38],[-87.35,76.45],[-87.49,76.59],[-87.5,76.39],[-88.4,76.41],[-88.5,76.77],[-88.61,76.65],[-88.55,76.42],[-89.57,76.49],[-89.5,76.83],[-88.56,77.07],[-86.81,77.18],[-87.68,77.44],[-88.09,77.72],[-88.02,77.78],[-87.24,77.89],[-86.76,77.86],[-86.17,77.75],[-85.59,77.46],[-84.49,77.37],[-83.61,77.44],[-82.9,77.73],[-82.6,77.99],[-83.43,77.62],[-83.78,77.53],[-84.49,77.56],[-84.86,77.5],[-85.29,77.56],[-85.29,77.76],[-85.55,77.93],[-84.62,78.2],[-84.22,78.18],[-84.55,78.25],[-84.91,78.24],[-84.78,78.53],[-85.02,78.31],[-85.59,78.11],[-86.22,78.08],[-85.92,78.34],[-86.91,78.13],[-87.55,78.18],[-87.49,78.42],[-86.81,78.77],[-85.0,78.91],[-83.27,78.77],[-82.99,78.84],[-82.15,78.86],[-81.75,78.98],[-82.44,78.9],[-84.41,79.0],[-84.57,79.07],[-84.26,79.12],[-83.58,79.05],[-84.2,79.23],[-85.27,79.66],[-86.03,79.72],[-86.42,79.85],[-86.61,80.12],[-86.5,80.26],[-86.31,80.32],[-83.72,80.23],[-82.68,79.99],[-81.69,79.69],[-80.48,79.61],[-80.12,79.67],[-81.01,79.69],[-82.68,80.17],[-82.99,80.32],[-80.98,80.45],[-78.39,80.78],[-76.86,80.86],[-78.72,80.95],[-78.63,81.04],[-78.29,81.17],[-76.89,81.43],[-77.97,81.33],[-78.73,81.15],[-79.2,81.12],[-79.76,80.84],[-81.01,80.65],[-82.88,80.58],[-82.22,80.77],[-83.4,80.71],[-84.22,80.54],[-85.15,80.52],[-86.62,80.63],[-86.25,80.79],[-85.25,80.99],[-83.29,81.15],[-85.78,81.04],[-87.33,80.67],[-87.71,80.66],[-88.92,80.81],[-89.26,80.91],[-88.41,81.0],[-86.48,81.04],[-84.94,81.29],[-87.28,81.08],[-89.62,81.03],[-89.98,81.12],[-89.95,81.17],[-89.21,81.25],[-89.67,81.33],[-89.43,81.39],[-88.62,81.5],[-87.6,81.53],[-88.48,81.56],[-90.3,81.4],[-90.61,81.43],[-89.82,81.63],[-90.63,81.66],[-91.29,81.57],[-91.68,81.64],[-90.94,81.83],[-89.38,81.92],[-88.06,82.1],[-87.4,82.05],[-87.02,81.96],[-86.63,82.05],[-85.65,81.95],[-85.04,81.98],[-86.62,82.22],[-84.9,82.45],[-83.59,82.33],[-82.63,82.08],[-82.33,82.09],[-82.75,82.2],[-82.54,82.25],[-79.42,81.85],[-80.13,82.03],[-81.47,82.19],[-82.45,82.4],[-82.27,82.46],[-81.68,82.52],[-82.12,82.63],[-80.81,82.59],[-81.18,82.74],[-81.01,82.78],[-78.75,82.68],[-79.83,82.82],[-80.15,82.91],[-79.89,82.94],[-77.48,82.88],[-76.01,82.54],[-75.57,82.61],[-77.12,83.01],[-74.41,83.01],[-73.27,82.77],[-72.66,82.72],[-73.23,82.84],[-73.44,82.95],[-72.81,83.08],[-72.07,83.11],[-70.94,82.9],[-71.42,83.02],[-70.87,83.1],[-69.97,83.12],[-69.49,83.02],[-66.42,82.93],[-66.84,82.82],[-68.47,82.65],[-67.4,82.67],[-65.73,82.84],[-65.3,82.8],[-65.11,82.89],[-64.9,82.9],[-64.5,82.78],[-63.98,82.83]]],[[[-69.3,-55.17],[-69.36,-55.3],[-69.18,-55.47],[-69.24,-55.48],[-69.65,-55.32],[-69.66,-55.23],[-69.82,-55.24],[-69.99,-55.13],[-69.88,-54.88],[-68.9,-55.02],[-68.46,-54.96],[-68.4,-55.04],[-68.61,-55.16],[-68.33,-55.22],[-68.28,-55.26],[-68.33,-55.33],[-68.09,-55.48],[-68.05,-55.64],[-68.23,-55.6],[-68.34,-55.51],[-68.87,-55.45],[-68.93,-55.37],[-68.89,-55.24],[-69.3,-55.17]]],[[[-67.34,-55.29],[-67.46,-55.18],[-67.77,-55.26],[-68.07,-55.22],[-68.3,-54.98],[-68.11,-54.93],[-67.25,-54.98],[-67.11,-55.06],[-67.08,-55.15],[-67.34,-55.29]]],[[[-70.99,-54.87],[-70.8,-54.97],[-70.42,-54.91],[-70.3,-55.11],[-70.54,-55.16],[-70.6,-55.08],[-70.94,-55.06],[-71.2,-54.89],[-71.39,-54.93],[-71.44,-54.89],[-71.37,-54.83],[-70.99,-54.87]]],[[[-64.55,-54.72],[-63.82,-54.73],[-63.97,-54.81],[-64.64,-54.9],[-64.76,-54.83],[-64.55,-54.72]]],[[[-71.02,-54.11],[-71.0,-54.25],[-71.14,-54.37],[-71.76,-54.23],[-71.95,-54.3],[-71.97,-54.21],[-72.21,-54.05],[-72.15,-53.94],[-72.0,-53.88],[-71.71,-53.92],[-71.02,-54.11]]],[[[-73.21,-53.99],[-73.3,-53.94],[-73.31,-53.73],[-73.47,-53.74],[-73.64,-53.57],[-73.85,-53.55],[-73.69,-53.43],[-73.45,-53.41],[-73.1,-53.51],[-73.11,-53.43],[-73.05,-53.39],[-72.95,-53.44],[-72.88,-53.58],[-72.48,-53.59],[-72.21,-53.81],[-72.37,-53.98],[-72.87,-54.13],[-72.96,-54.07],[-72.78,-53.95],[-72.76,-53.86],[-73.04,-53.83],[-73.08,-54.0],[-73.21,-53.99]]],[[[-65.35,-54.88],[-65.47,-54.91],[-65.95,-54.92],[-66.51,-55.03],[-66.93,-54.92],[-68.22,-54.82],[-69.08,-54.91],[-69.49,-54.86],[-69.72,-54.71],[-70.03,-54.82],[-70.28,-54.75],[-70.5,-54.81],[-71.44,-54.62],[-71.9,-54.6],[-71.93,-54.53],[-71.8,-54.43],[-71.61,-54.5],[-71.36,-54.4],[-71.08,-54.44],[-70.8,-54.33],[-70.7,-54.35],[-70.7,-54.49],[-70.31,-54.53],[-70.3,-54.49],[-70.54,-54.3],[-70.76,-54.24],[-70.86,-54.11],[-70.87,-53.88],[-70.64,-53.82],[-70.7,-53.73],[-70.53,-53.63],[-70.38,-53.99],[-70.63,-54.01],[-70.54,-54.14],[-70.25,-54.28],[-70.24,-54.35],[-69.99,-54.38],[-69.74,-54.31],[-69.36,-54.44],[-69.31,-54.57],[-69.05,-54.43],[-69.99,-54.11],[-70.09,-54.01],[-70.15,-53.76],[-69.39,-53.5],[-69.36,-53.42],[-69.64,-53.33],[-70.09,-53.42],[-70.33,-53.38],[-70.46,-53.21],[-70.44,-53.09],[-70.13,-52.94],[-70.38,-52.75],[-70.19,-52.72],[-69.94,-52.82],[-69.5,-52.49],[-69.41,-52.49],[-69.17,-52.67],[-68.76,-52.58],[-68.34,-52.9],[-68.24,-53.08],[-68.33,-53.02],[-68.48,-53.11],[-68.49,-53.26],[-68.16,-53.31],[-68.01,-53.56],[-67.29,-54.05],[-66.24,-54.53],[-65.75,-54.65],[-65.18,-54.68],[-65.35,-54.88]]],[[[-74.37,-52.93],[-73.65,-53.07],[-73.14,-53.35],[-73.57,-53.31],[-73.87,-53.1],[-74.27,-53.08],[-74.56,-52.92],[-74.71,-52.75],[-74.57,-52.77],[-74.37,-52.93]]],[[[-74.69,-52.28],[-74.85,-52.27],[-75.11,-51.79],[-74.92,-51.74],[-74.91,-51.65],[-74.82,-51.63],[-74.78,-51.82],[-74.53,-51.99],[-74.69,-52.28]]],[[[-74.5,-45.29],[-74.31,-45.17],[-74.32,-45.46],[-74.24,-45.65],[-74.47,-45.76],[-74.68,-45.74],[-74.69,-45.66],[-74.49,-45.43],[-74.5,-45.29]]],[[[-74.5,-44.47],[-74.1,-44.39],[-74.08,-44.19],[-73.99,-44.14],[-73.9,-44.13],[-73.7,-44.27],[-73.74,-44.39],[-73.98,-44.49],[-74.0,-44.59],[-73.88,-44.73],[-73.73,-45.12],[-73.75,-45.27],[-73.85,-45.34],[-74.1,-45.33],[-74.09,-45.2],[-74.2,-45.14],[-74.62,-44.65],[-74.48,-44.58],[-74.5,-44.47]]],[[[-73.26,-44.35],[-72.84,-44.46],[-72.76,-44.55],[-72.99,-44.78],[-73.23,-44.86],[-73.35,-44.83],[-73.45,-44.64],[-73.28,-44.49],[-73.26,-44.35]]],[[[-73.44,-42.94],[-73.54,-43.07],[-73.75,-43.16],[-73.77,-43.35],[-74.11,-43.36],[-74.39,-43.23],[-74.21,-42.88],[-74.16,-42.59],[-74.2,-42.48],[-74.04,-41.8],[-73.53,-41.9],[-73.42,-42.19],[-73.44,-42.28],[-73.53,-42.31],[-73.47,-42.47],[-73.79,-42.59],[-73.44,-42.94]]],[[[-65.41,10.94],[-65.38,10.97],[-65.21,10.91],[-65.41,10.94]]],[[[-68.25,12.03],[-68.37,12.26],[-68.37,12.3],[-68.22,12.23],[-68.25,12.03]]],[[[-68.75,12.06],[-69.0,12.14],[-69.15,12.3],[-69.16,12.38],[-68.75,12.06]]],[[[-70.04,12.61],[-69.9,12.42],[-70.07,12.55],[-70.04,12.61]]],[[[-64.88,17.77],[-64.68,17.75],[-64.58,17.75],[-64.89,17.7],[-64.88,17.77]]],[[[-65.57,18.14],[-65.48,18.17],[-65.29,18.13],[-65.5,18.1],[-65.57,18.14]]],[[[-66.1,18.43],[-66.07,18.47],[-65.63,18.38],[-65.62,18.24],[-65.97,17.97],[-67.14,17.97],[-67.2,17.99],[-67.17,18.22],[-67.26,18.36],[-67.16,18.5],[-67.06,18.52],[-66.19,18.48],[-66.1,18.43]]],[[[-64.85,18.33],[-64.92,18.32],[-65.02,18.37],[-64.85,18.33]]],[[[-64.66,18.35],[-64.73,18.33],[-64.75,18.37],[-64.66,18.35]]],[[[-64.67,18.4],[-64.7,18.41],[-64.55,18.44],[-64.67,18.4]]],[[[-64.32,18.52],[-64.4,18.46],[-64.43,18.51],[-64.32,18.52]]],[[[-69.61,19.21],[-69.62,19.12],[-68.68,18.9],[-68.38,18.67],[-68.36,18.54],[-68.69,18.21],[-68.93,18.41],[-69.27,18.44],[-69.77,18.44],[-70.02,18.37],[-70.18,18.25],[-70.48,18.22],[-70.64,18.34],[-71.03,18.27],[-71.11,18.07],[-71.44,17.64],[-71.63,17.77],[-71.71,18.01],[-72.06,18.23],[-72.88,18.15],[-73.51,18.25],[-73.75,18.19],[-73.88,18.04],[-74.09,18.22],[-74.46,18.39],[-74.39,18.62],[-74.23,18.66],[-72.79,18.43],[-72.62,18.55],[-72.38,18.57],[-72.35,18.67],[-72.81,19.07],[-72.74,19.13],[-72.7,19.44],[-73.05,19.61],[-73.4,19.66],[-73.44,19.72],[-73.32,19.85],[-72.88,19.93],[-71.83,19.7],[-71.56,19.9],[-71.28,19.85],[-70.83,19.89],[-70.19,19.64],[-69.96,19.67],[-69.74,19.3],[-69.32,19.33],[-69.23,19.27],[-69.32,19.2],[-69.61,19.21]]],[[[-72.82,18.71],[-73.29,18.9],[-73.28,18.95],[-72.92,18.86],[-72.8,18.78],[-72.82,18.71]]],[[[-72.96,20.06],[-72.79,20.09],[-72.64,19.99],[-72.96,20.06]]],[[[-73.01,21.3],[-73.16,20.98],[-73.66,20.94],[-73.68,21.1],[-73.52,21.19],[-73.24,21.15],[-73.01,21.3]]],[[[-72.99,21.56],[-72.92,21.51],[-73.05,21.46],[-73.06,21.52],[-72.99,21.56]]],[[[-71.67,21.75],[-71.83,21.79],[-71.81,21.85],[-71.64,21.79],[-71.67,21.75]]],[[[-72.14,21.79],[-72.3,21.76],[-72.34,21.8],[-72.33,21.85],[-72.14,21.79]]],[[[-71.93,21.95],[-71.88,21.84],[-72.01,21.95],[-71.93,21.95]]],[[[-72.83,22.39],[-72.75,22.33],[-72.78,22.29],[-72.89,22.36],[-73.16,22.38],[-73.13,22.46],[-72.83,22.39]]],[[[-73.84,22.54],[-73.97,22.36],[-74.28,22.18],[-73.94,22.48],[-73.95,22.72],[-73.85,22.73],[-73.84,22.54]]],[[[-74.1,22.67],[-74.27,22.71],[-74.31,22.84],[-74.03,22.71],[-74.1,22.67]]],[[[-73.65,40.84],[-73.57,40.92],[-72.63,40.99],[-72.27,41.15],[-72.58,40.92],[-72.18,41.05],[-71.9,41.06],[-73.19,40.65],[-73.9,40.57],[-73.8,40.64],[-74.01,40.58],[-74.03,40.64],[-73.88,40.79],[-73.65,40.84]]],[[[-64.65,60.51],[-64.41,60.37],[-64.44,60.3],[-64.81,60.41],[-64.84,60.5],[-64.65,60.51]]],[[[-68.34,60.36],[-68.09,60.59],[-67.82,60.45],[-68.01,60.3],[-68.37,60.25],[-68.34,60.36]]],[[[-64.7,61.47],[-64.86,61.35],[-65.39,61.56],[-65.43,61.65],[-64.95,61.69],[-64.67,61.59],[-64.7,61.47]]],[[[-64.52,62.55],[-64.42,62.49],[-64.66,62.38],[-64.96,62.46],[-64.84,62.49],[-64.82,62.56],[-64.52,62.55]]],[[[-70.77,62.6],[-70.99,62.79],[-71.22,62.87],[-70.44,62.73],[-70.27,62.58],[-70.77,62.6]]],[[[-73.41,67.79],[-74.48,67.8],[-74.68,67.91],[-74.75,68.02],[-74.38,68.09],[-73.46,67.99],[-73.41,67.79]]],[[[-72.49,77.39],[-72.44,77.45],[-72.09,77.47],[-71.43,77.39],[-72.02,77.32],[-72.49,77.39]]],[[[-58.65,-52.1],[-59.2,-52.02],[-59.07,-52.17],[-59.34,-52.2],[-59.4,-52.31],[-59.65,-52.13],[-59.54,-51.97],[-59.57,-51.93],[-59.06,-51.69],[-59.1,-51.49],[-58.89,-51.36],[-58.92,-51.27],[-58.43,-51.32],[-58.38,-51.37],[-58.52,-51.42],[-58.51,-51.48],[-58.24,-51.55],[-58.26,-51.42],[-57.98,-51.38],[-57.81,-51.52],[-57.96,-51.58],[-57.79,-51.64],[-57.84,-51.71],[-58.68,-51.94],[-58.65,-52.1]]],[[[-60.5,-51.76],[-60.58,-51.71],[-60.25,-51.64],[-60.51,-51.49],[-60.57,-51.36],[-60.14,-51.48],[-59.92,-51.39],[-59.79,-51.45],[-59.39,-51.36],[-59.27,-51.43],[-59.92,-51.97],[-60.25,-51.99],[-60.38,-52.15],[-60.69,-52.19],[-60.96,-52.06],[-60.24,-51.77],[-60.28,-51.72],[-60.5,-51.76]]],[[[-51.28,-1.02],[-51.64,-1.34],[-51.94,-1.45],[-51.68,-1.09],[-51.68,-0.86],[-51.55,-0.65],[-51.25,-0.54],[-51.16,-0.67],[-51.28,-1.02]]],[[[-49.17,-1.41],[-49.23,-1.6],[-49.51,-1.51],[-49.59,-1.71],[-49.81,-1.79],[-50.07,-1.7],[-50.44,-1.8],[-50.6,-1.7],[-50.76,-1.24],[-50.73,-1.13],[-50.6,-1.15],[-50.58,-1.1],[-50.78,-1.01],[-50.78,-0.69],[-50.65,-0.27],[-50.46,-0.16],[-50.25,-0.12],[-49.54,-0.23],[-49.12,-0.16],[-48.52,-0.25],[-48.38,-0.35],[-48.5,-0.66],[-48.57,-0.68],[-48.57,-0.89],[-48.84,-1.23],[-48.8,-1.33],[-48.93,-1.48],[-49.09,-1.51],[-49.17,-1.41]]],[[[-50.67,-0.06],[-50.65,-0.13],[-50.93,-0.33],[-51.04,-0.23],[-51.0,-0.11],[-50.67,-0.06]]],[[[-49.37,0.0],[-49.44,-0.11],[-49.71,-0.14],[-49.83,-0.09],[-49.5,0.08],[-49.37,0.0]]],[[[-49.84,0.01],[-50.0,-0.03],[-50.34,0.04],[-50.27,0.23],[-49.88,0.3],[-49.7,0.22],[-49.84,0.01]]],[[[-50.33,0.26],[-50.43,0.14],[-50.44,-0.01],[-50.62,0.05],[-50.61,0.2],[-50.45,0.33],[-50.42,0.56],[-50.37,0.59],[-50.33,0.26]]],[[[-61.5,10.27],[-61.46,10.54],[-61.65,10.72],[-60.92,10.84],[-61.03,10.67],[-60.97,10.32],[-61.01,10.13],[-61.17,10.08],[-61.91,10.07],[-61.5,10.27]]],[[[-64.4,10.98],[-64.21,11.09],[-64.03,11.0],[-63.89,11.17],[-63.82,11.0],[-63.92,10.89],[-64.05,10.88],[-64.16,10.96],[-64.4,10.98]]],[[[-60.56,11.32],[-60.55,11.26],[-60.81,11.17],[-60.71,11.28],[-60.56,11.32]]],[[[-61.72,12.19],[-61.61,12.22],[-61.63,12.05],[-61.78,12.01],[-61.72,12.19]]],[[[-59.59,13.32],[-59.43,13.15],[-59.52,13.06],[-59.64,13.15],[-59.65,13.3],[-59.59,13.32]]],[[[-61.27,13.29],[-61.14,13.36],[-61.17,13.16],[-61.28,13.21],[-61.27,13.29]]],[[[-60.9,13.82],[-60.95,13.72],[-61.06,13.78],[-61.0,14.01],[-60.91,14.09],[-60.9,13.82]]],[[[-61.14,14.65],[-61.21,14.85],[-61.13,14.88],[-60.93,14.76],[-60.84,14.44],[-61.06,14.47],[-61.09,14.53],[-61.01,14.6],[-61.14,14.65]]],[[[-61.28,15.53],[-61.28,15.25],[-61.38,15.23],[-61.48,15.53],[-61.46,15.63],[-61.28,15.53]]],[[[-61.32,15.95],[-61.25,16.01],[-61.2,15.92],[-61.29,15.89],[-61.32,15.95]]],[[[-61.67,15.96],[-61.76,16.06],[-61.79,16.3],[-61.75,16.36],[-61.55,16.27],[-61.59,16.01],[-61.67,15.96]]],[[[-61.17,16.26],[-61.52,16.23],[-61.53,16.43],[-61.47,16.51],[-61.17,16.26]]],[[[-62.18,16.81],[-62.15,16.74],[-62.15,16.68],[-62.22,16.7],[-62.18,16.81]]],[[[-61.75,17.0],[-61.88,17.06],[-61.82,17.17],[-61.69,17.1],[-61.75,17.0]]],[[[-62.53,17.12],[-62.62,17.13],[-62.62,17.2],[-62.53,17.17],[-62.53,17.12]]],[[[-62.84,17.34],[-62.83,17.39],[-62.66,17.22],[-62.84,17.34]]],[[[-61.87,17.69],[-61.75,17.66],[-61.76,17.55],[-61.84,17.6],[-61.87,17.69]]],[[[-63.02,18.02],[-63.12,18.06],[-63.06,18.12],[-63.01,18.1],[-63.02,18.02]]],[[[-63.16,18.17],[-63.03,18.27],[-62.98,18.26],[-63.0,18.22],[-63.16,18.17]]],[[[-59.87,46.16],[-59.93,46.02],[-59.83,45.97],[-60.39,45.65],[-60.67,45.59],[-61.28,45.57],[-61.45,45.72],[-61.5,45.94],[-61.41,46.17],[-61.24,46.3],[-60.87,46.8],[-60.57,47.0],[-60.41,47.0],[-60.33,46.74],[-60.49,46.27],[-60.58,46.17],[-61.11,45.94],[-60.87,45.98],[-61.04,45.88],[-60.97,45.84],[-61.09,45.75],[-61.06,45.7],[-60.74,45.75],[-60.47,45.95],[-60.73,45.96],[-60.57,46.06],[-60.5,46.2],[-60.3,46.31],[-60.23,46.2],[-59.87,46.16]]],[[[-63.02,46.07],[-62.89,46.12],[-63.06,46.22],[-62.98,46.32],[-63.27,46.2],[-63.15,46.19],[-63.21,46.16],[-63.57,46.21],[-63.73,46.29],[-63.8,46.37],[-63.76,46.4],[-64.11,46.43],[-64.14,46.6],[-64.39,46.64],[-64.4,46.69],[-63.99,47.06],[-63.98,46.91],[-64.09,46.78],[-63.88,46.61],[-63.91,46.51],[-63.78,46.45],[-63.68,46.56],[-63.13,46.42],[-62.16,46.49],[-62.02,46.42],[-62.53,46.2],[-62.54,46.03],[-62.48,46.0],[-62.8,45.97],[-62.9,46.07],[-63.02,46.07]]],[[[-61.68,47.5],[-61.91,47.28],[-61.77,47.26],[-62.01,47.23],[-61.92,47.43],[-61.55,47.63],[-61.4,47.64],[-61.68,47.5]]],[[[-56.85,49.77],[-56.82,49.61],[-56.18,50.11],[-56.12,50.06],[-56.16,49.94],[-55.93,50.02],[-55.76,49.96],[-55.5,49.98],[-56.14,49.62],[-55.87,49.67],[-55.89,49.58],[-56.09,49.45],[-55.82,49.52],[-55.68,49.43],[-55.38,49.49],[-55.34,49.37],[-55.28,49.41],[-55.28,49.51],[-55.23,49.51],[-55.2,49.41],[-55.35,49.08],[-55.18,49.24],[-55.03,49.31],[-54.98,49.27],[-54.5,49.53],[-54.45,49.33],[-54.32,49.42],[-53.96,49.44],[-53.62,49.32],[-53.57,49.14],[-53.9,48.89],[-54.16,48.79],[-53.85,48.81],[-53.97,48.71],[-53.71,48.66],[-53.79,48.53],[-54.11,48.39],[-53.03,48.63],[-53.04,48.52],[-53.14,48.4],[-53.61,48.21],[-53.57,48.09],[-53.87,48.02],[-53.64,48.01],[-53.86,47.79],[-53.77,47.65],[-53.67,47.65],[-53.5,47.74],[-53.28,48.0],[-52.92,48.15],[-52.87,48.11],[-53.15,47.73],[-53.17,47.51],[-53.12,47.46],[-52.95,47.55],[-52.78,47.77],[-52.71,47.75],[-52.65,47.55],[-52.91,47.1],[-52.89,46.97],[-53.07,46.68],[-53.17,46.65],[-53.32,46.72],[-53.59,46.64],[-53.6,47.15],[-54.01,46.84],[-54.17,46.88],[-53.85,47.44],[-53.99,47.76],[-54.19,47.86],[-54.49,47.4],[-54.56,47.38],[-54.47,47.55],[-54.65,47.41],[-54.86,47.39],[-55.32,46.91],[-55.79,46.87],[-55.95,46.93],[-55.92,47.02],[-55.49,47.16],[-55.19,47.45],[-54.87,47.57],[-54.78,47.66],[-54.95,47.62],[-55.37,47.66],[-55.43,47.5],[-55.58,47.47],[-55.86,47.53],[-56.13,47.5],[-55.87,47.59],[-55.86,47.82],[-56.12,47.79],[-56.26,47.66],[-56.77,47.56],[-58.33,47.68],[-58.34,47.73],[-58.94,47.58],[-59.26,47.63],[-59.34,47.93],[-58.6,48.41],[-58.33,48.52],[-59.17,48.56],[-58.84,48.75],[-58.91,48.65],[-58.72,48.6],[-58.4,49.08],[-57.99,48.99],[-58.1,49.08],[-57.98,49.23],[-58.19,49.26],[-58.21,49.39],[-58.02,49.54],[-57.79,49.49],[-57.93,49.7],[-57.43,50.51],[-57.33,50.61],[-57.18,50.61],[-57.3,50.7],[-57.05,50.86],[-57.04,51.01],[-56.83,51.13],[-56.68,51.33],[-56.52,51.4],[-56.03,51.57],[-55.69,51.47],[-55.67,51.58],[-55.45,51.56],[-55.58,51.39],[-56.03,51.33],[-56.0,51.2],[-55.84,51.21],[-55.78,51.09],[-55.87,50.91],[-56.11,50.76],[-56.14,50.65],[-56.45,50.38],[-56.48,50.27],[-56.73,50.01],[-56.85,49.77]]],[[[-63.88,49.66],[-64.44,49.83],[-64.49,49.89],[-64.13,49.94],[-62.86,49.71],[-61.82,49.28],[-61.7,49.14],[-62.22,49.08],[-63.04,49.22],[-63.57,49.4],[-63.88,49.66]]],[[[-46.38,60.66],[-46.79,60.78],[-46.21,60.94],[-46.38,60.66]]],[[[-50.91,69.76],[-51.01,69.55],[-51.17,69.52],[-51.31,69.67],[-51.35,69.85],[-51.09,69.92],[-50.68,69.85],[-50.91,69.76]]],[[[-54.32,69.94],[-54.77,70.05],[-54.83,70.13],[-54.79,70.22],[-54.37,70.32],[-54.01,70.3],[-53.3,70.21],[-52.73,69.94],[-52.05,69.81],[-51.9,69.6],[-52.11,69.49],[-53.75,69.26],[-54.18,69.4],[-53.66,69.47],[-53.83,69.54],[-54.73,69.61],[-54.92,69.71],[-54.79,69.95],[-54.32,69.94]]],[[[-53.58,71.3],[-53.44,71.19],[-53.44,71.12],[-53.63,71.03],[-53.96,71.13],[-53.58,71.3]]],[[[-21.69,82.68],[-21.52,82.6],[-21.99,82.46],[-23.12,82.32],[-29.58,82.16],[-29.89,82.05],[-29.81,81.96],[-29.54,81.94],[-27.84,82.05],[-25.15,82.0],[-24.59,81.88],[-24.29,81.7],[-23.5,81.77],[-23.18,81.99],[-22.94,82.03],[-21.34,82.07],[-21.13,81.93],[-21.15,81.7],[-21.5,81.44],[-23.07,80.93],[-23.2,80.85],[-23.2,80.79],[-23.12,80.78],[-22.83,80.91],[-20.89,81.28],[-19.63,81.64],[-19.22,81.64],[-19.15,81.51],[-17.46,81.4],[-16.12,81.78],[-15.45,81.84],[-14.24,81.81],[-12.43,81.68],[-11.43,81.48],[-13.13,81.09],[-14.45,80.99],[-14.49,80.97],[-14.23,80.87],[-14.5,80.76],[-16.76,80.57],[-15.94,80.43],[-16.49,80.25],[-18.07,80.17],[-19.43,80.26],[-20.15,80.01],[-20.18,79.86],[-20.07,79.77],[-19.35,79.73],[-19.28,79.68],[-19.41,79.35],[-19.15,79.33],[-19.01,79.25],[-18.99,79.18],[-19.72,79.07],[-20.05,78.84],[-20.62,78.8],[-21.13,78.66],[-20.96,78.56],[-21.19,78.38],[-21.4,78.07],[-21.75,77.79],[-21.73,77.71],[-21.58,77.65],[-21.38,77.7],[-21.13,77.85],[-20.86,77.91],[-19.49,77.72],[-19.3,77.59],[-19.52,77.57],[-20.16,77.69],[-20.68,77.62],[-20.46,77.45],[-20.23,77.37],[-19.3,77.22],[-18.9,77.28],[-18.44,77.26],[-18.29,77.13],[-18.34,76.92],[-18.61,76.76],[-19.86,76.91],[-20.49,76.92],[-20.94,76.89],[-21.61,76.69],[-22.33,76.79],[-22.61,76.68],[-21.88,76.57],[-21.76,76.4],[-21.49,76.27],[-20.89,76.3],[-20.1,76.22],[-19.86,76.12],[-19.96,76.0],[-19.51,75.76],[-19.4,75.49],[-19.38,75.3],[-19.53,75.18],[-19.8,75.16],[-20.2,75.31],[-20.48,75.31],[-20.91,75.16],[-21.65,75.02],[-22.23,75.12],[-21.7,74.96],[-20.99,75.07],[-20.79,74.89],[-20.8,74.81],[-21.04,74.65],[-20.86,74.64],[-20.61,74.73],[-20.42,74.98],[-20.21,75.02],[-19.98,74.98],[-19.54,74.62],[-19.29,74.55],[-19.23,74.48],[-19.27,74.34],[-19.65,74.26],[-20.26,74.28],[-20.23,74.2],[-21.13,74.11],[-21.95,74.24],[-21.76,74.48],[-21.98,74.57],[-21.92,74.44],[-21.97,74.39],[-22.33,74.29],[-22.2,74.21],[-22.34,74.06],[-22.13,73.99],[-21.02,73.94],[-20.37,73.85],[-20.51,73.49],[-20.64,73.46],[-21.55,73.43],[-22.35,73.27],[-23.23,73.4],[-23.76,73.54],[-24.16,73.76],[-24.45,73.63],[-24.68,73.6],[-25.52,73.85],[-24.78,73.54],[-25.67,73.29],[-26.06,73.25],[-27.27,73.44],[-26.54,73.25],[-26.73,73.17],[-27.56,73.14],[-27.35,73.07],[-27.19,73.13],[-26.75,73.12],[-25.4,73.28],[-25.06,73.4],[-24.13,73.41],[-23.9,73.4],[-23.0,73.17],[-22.85,73.08],[-22.04,72.92],[-22.01,72.64],[-22.07,72.4],[-22.28,72.34],[-22.24,72.22],[-22.29,72.12],[-24.07,72.5],[-24.36,72.69],[-24.63,73.04],[-26.66,72.72],[-26.39,72.67],[-24.81,72.9],[-24.65,72.58],[-24.7,72.51],[-25.2,72.39],[-25.12,72.35],[-24.57,72.42],[-22.5,71.91],[-22.37,71.77],[-21.96,71.74],[-22.5,71.5],[-22.48,71.38],[-22.42,71.25],[-22.3,71.43],[-21.96,71.51],[-21.75,71.48],[-21.67,71.21],[-21.67,70.86],[-21.52,70.53],[-21.94,70.44],[-22.38,70.46],[-22.44,70.86],[-22.53,70.81],[-22.61,70.49],[-22.69,70.44],[-23.33,70.45],[-23.97,70.65],[-24.23,70.92],[-24.27,71.05],[-24.56,71.22],[-25.89,71.57],[-27.09,71.63],[-27.16,71.6],[-27.11,71.53],[-25.84,71.48],[-25.7,71.37],[-25.67,71.27],[-26.01,71.09],[-26.72,70.95],[-28.4,70.99],[-27.99,70.9],[-27.98,70.84],[-28.15,70.66],[-29.07,70.44],[-28.54,70.48],[-27.6,70.41],[-26.75,70.48],[-26.51,70.4],[-27.33,70.22],[-27.56,70.12],[-27.63,70.03],[-27.38,69.99],[-27.03,70.2],[-26.16,70.25],[-25.53,70.35],[-23.67,70.14],[-22.21,70.11],[-22.44,69.99],[-23.09,69.88],[-23.05,69.79],[-23.87,69.74],[-23.71,69.63],[-23.74,69.59],[-24.3,69.59],[-24.22,69.48],[-24.3,69.44],[-25.19,69.26],[-25.09,69.17],[-25.54,69.05],[-25.7,68.89],[-26.48,68.68],[-29.25,68.3],[-29.87,68.31],[-30.2,68.2],[-30.72,68.25],[-30.61,68.12],[-30.98,68.06],[-31.42,68.13],[-32.33,68.44],[-32.18,68.26],[-32.37,68.21],[-32.16,68.06],[-32.16,67.99],[-33.11,67.66],[-33.5,67.38],[-33.53,67.26],[-34.1,66.73],[-34.27,66.63],[-34.42,66.63],[-34.63,66.43],[-35.19,66.25],[-35.41,66.26],[-35.87,66.44],[-35.63,66.14],[-36.38,65.83],[-36.39,65.96],[-36.53,66.01],[-36.67,65.79],[-36.93,65.78],[-37.06,65.87],[-37.32,65.79],[-37.41,65.66],[-37.75,65.59],[-37.95,65.63],[-38.0,65.71],[-37.8,65.86],[-37.79,65.98],[-37.28,66.3],[-38.16,66.39],[-37.75,66.26],[-37.97,66.14],[-38.14,65.9],[-38.52,66.01],[-38.22,65.84],[-38.2,65.71],[-38.64,65.62],[-40.17,65.56],[-39.58,65.34],[-39.94,65.14],[-40.25,65.05],[-40.67,65.11],[-41.08,65.1],[-41.09,65.04],[-40.97,64.87],[-40.66,64.92],[-40.18,64.48],[-40.48,64.34],[-40.7,64.33],[-40.69,64.27],[-40.78,64.22],[-41.58,64.3],[-41.03,64.12],[-40.62,64.13],[-40.65,63.93],[-40.55,63.73],[-40.77,63.63],[-40.78,63.53],[-41.05,63.51],[-41.06,63.41],[-41.15,63.35],[-41.11,63.27],[-41.39,63.06],[-41.84,63.07],[-42.17,63.21],[-42.09,63.12],[-41.63,62.97],[-41.91,62.74],[-42.06,62.69],[-42.94,62.72],[-42.15,62.57],[-42.24,62.47],[-42.2,62.4],[-42.32,62.15],[-42.14,62.01],[-42.11,61.86],[-42.25,61.77],[-42.59,61.72],[-42.32,61.68],[-42.65,61.06],[-42.72,60.77],[-43.04,60.52],[-43.92,60.6],[-43.83,60.52],[-43.21,60.39],[-43.12,60.06],[-43.32,59.93],[-43.96,60.03],[-43.66,59.86],[-43.91,59.82],[-44.12,59.83],[-44.07,59.92],[-44.41,59.92],[-44.45,60.01],[-44.23,60.18],[-44.18,60.24],[-44.22,60.27],[-44.61,60.02],[-45.38,60.2],[-45.37,60.37],[-44.97,60.46],[-44.76,60.66],[-45.08,60.51],[-45.38,60.44],[-46.05,60.62],[-46.14,60.78],[-45.88,61.09],[-45.87,61.22],[-46.01,61.1],[-46.58,60.96],[-46.87,60.82],[-47.8,60.83],[-47.73,60.73],[-47.83,60.72],[-48.18,60.77],[-48.24,60.81],[-48.21,60.86],[-47.77,61.0],[-48.39,61.0],[-48.43,61.19],[-48.92,61.28],[-49.05,61.52],[-49.29,61.59],[-49.19,61.69],[-49.31,61.75],[-49.38,61.89],[-48.83,62.08],[-49.12,62.11],[-49.35,62.01],[-49.62,62.0],[-49.67,62.15],[-49.55,62.23],[-50.32,62.47],[-50.26,62.58],[-50.3,62.72],[-49.79,63.04],[-50.09,62.98],[-50.39,62.82],[-51.47,63.64],[-51.54,63.76],[-51.45,63.9],[-51.55,64.01],[-50.26,64.21],[-50.49,64.21],[-50.44,64.31],[-51.54,64.1],[-51.71,64.21],[-51.23,64.56],[-50.83,64.56],[-50.85,64.64],[-50.68,64.68],[-50.36,64.68],[-50.16,64.49],[-50.01,64.45],[-50.12,64.7],[-50.3,64.78],[-50.52,64.77],[-50.96,65.2],[-50.72,64.8],[-50.89,64.7],[-51.22,64.63],[-51.14,64.79],[-51.26,64.76],[-51.76,64.28],[-51.92,64.22],[-52.09,64.42],[-52.09,64.68],[-52.26,65.15],[-52.45,65.21],[-52.54,65.33],[-51.62,65.71],[-51.09,65.78],[-51.72,65.72],[-52.35,65.46],[-52.55,65.46],[-52.76,65.59],[-53.2,65.59],[-53.23,65.77],[-53.11,65.98],[-53.39,66.05],[-52.06,66.51],[-51.23,66.88],[-53.04,66.2],[-53.61,66.15],[-53.63,66.41],[-53.42,66.65],[-53.04,66.83],[-52.39,66.88],[-53.44,66.92],[-53.69,66.99],[-53.88,67.14],[-53.8,67.42],[-52.97,67.69],[-52.51,67.76],[-50.61,67.53],[-51.17,67.69],[-50.89,67.78],[-50.97,67.81],[-51.77,67.74],[-52.34,67.84],[-52.98,67.76],[-53.42,67.57],[-53.74,67.55],[-53.58,67.84],[-53.35,67.97],[-53.15,68.21],[-51.6,68.05],[-51.17,68.39],[-51.46,68.39],[-51.63,68.27],[-52.2,68.22],[-52.78,68.31],[-53.38,68.3],[-53.04,68.61],[-52.6,68.71],[-52.3,68.7],[-51.62,68.53],[-51.13,68.6],[-50.8,68.79],[-51.25,68.74],[-51.08,69.13],[-50.3,69.17],[-50.54,69.25],[-51.08,69.21],[-50.89,69.41],[-50.8,69.66],[-50.35,69.8],[-50.5,69.94],[-50.32,70.03],[-50.8,70.0],[-51.11,70.06],[-51.5,69.99],[-52.25,70.06],[-53.02,70.3],[-54.01,70.42],[-54.53,70.7],[-54.17,70.82],[-52.8,70.75],[-51.52,70.44],[-50.95,70.36],[-50.68,70.4],[-51.32,70.59],[-51.34,70.69],[-51.26,70.85],[-51.77,71.01],[-51.02,71.0],[-51.38,71.12],[-53.01,71.18],[-53.12,71.31],[-52.75,71.5],[-51.97,71.6],[-51.78,71.68],[-52.2,71.63],[-52.66,71.67],[-53.17,71.54],[-53.44,71.58],[-53.48,71.64],[-53.14,71.81],[-53.33,71.79],[-53.42,72.0],[-53.81,72.29],[-53.65,72.36],[-53.93,72.32],[-53.79,72.13],[-53.46,71.89],[-53.78,71.68],[-54.02,71.66],[-53.91,71.53],[-53.96,71.46],[-54.69,71.37],[-55.34,71.43],[-55.59,71.55],[-55.67,71.69],[-55.55,71.77],[-55.32,72.11],[-54.84,72.36],[-54.9,72.39],[-55.32,72.2],[-55.58,72.18],[-55.66,72.22],[-55.64,72.3],[-55.3,72.35],[-55.6,72.45],[-54.92,72.57],[-54.74,72.7],[-54.74,72.87],[-55.07,73.02],[-55.29,72.93],[-55.67,73.01],[-55.69,73.11],[-55.36,73.2],[-55.29,73.33],[-55.45,73.46],[-55.74,73.38],[-55.88,73.5],[-56.1,73.56],[-55.97,73.76],[-55.84,73.76],[-56.23,74.13],[-56.49,74.18],[-57.23,74.13],[-56.71,74.22],[-56.64,74.28],[-56.72,74.43],[-56.26,74.53],[-56.87,74.69],[-57.19,74.89],[-57.81,75.04],[-58.25,75.28],[-58.57,75.35],[-58.6,75.39],[-58.25,75.51],[-58.52,75.69],[-61.19,76.16],[-62.74,76.25],[-63.29,76.35],[-63.84,76.22],[-64.31,76.32],[-65.37,76.13],[-65.95,76.24],[-66.47,76.14],[-66.87,76.22],[-67.08,76.19],[-66.67,75.98],[-66.83,75.97],[-68.32,76.09],[-69.48,76.4],[-68.86,76.56],[-68.11,76.65],[-69.25,76.69],[-69.67,76.74],[-69.89,76.83],[-69.69,76.99],[-70.44,76.81],[-70.61,76.82],[-70.79,76.87],[-70.73,76.93],[-71.15,77.07],[-70.6,77.19],[-68.98,77.2],[-68.59,77.34],[-68.14,77.38],[-66.94,77.36],[-66.39,77.28],[-66.45,77.39],[-66.27,77.52],[-66.45,77.62],[-66.82,77.69],[-67.69,77.52],[-68.62,77.6],[-68.97,77.49],[-69.35,77.47],[-69.98,77.55],[-70.12,77.58],[-70.13,77.64],[-70.56,77.72],[-70.11,77.84],[-71.27,77.81],[-72.16,77.96],[-72.82,78.19],[-72.58,78.28],[-72.71,78.36],[-72.47,78.48],[-71.65,78.62],[-70.91,78.64],[-68.99,78.86],[-68.92,78.88],[-69.03,78.94],[-68.38,79.04],[-67.35,79.12],[-66.08,79.12],[-65.83,79.17],[-65.29,79.44],[-64.79,80.0],[-64.18,80.1],[-64.44,80.14],[-65.81,80.02],[-66.84,80.08],[-67.14,80.17],[-67.19,80.28],[-67.0,80.41],[-66.61,80.53],[-65.65,80.69],[-64.52,81.0],[-63.72,81.06],[-63.06,80.89],[-63.24,81.08],[-63.21,81.14],[-62.99,81.21],[-61.44,81.13],[-61.16,81.28],[-61.1,81.4],[-61.24,81.69],[-61.2,81.75],[-60.43,81.92],[-59.28,81.88],[-56.62,81.36],[-58.82,81.92],[-59.27,81.98],[-58.72,82.09],[-55.55,82.25],[-54.55,82.35],[-53.99,82.28],[-53.67,82.16],[-53.58,82.06],[-53.56,81.65],[-53.04,81.87],[-52.93,82.04],[-53.1,82.12],[-53.11,82.25],[-53.02,82.32],[-52.78,82.32],[-50.89,81.9],[-49.54,81.92],[-50.71,82.24],[-50.99,82.46],[-50.04,82.47],[-48.86,82.41],[-44.73,81.78],[-44.53,81.85],[-44.64,82.1],[-44.55,82.26],[-44.24,82.37],[-44.33,82.47],[-45.56,82.75],[-42.65,82.74],[-41.88,82.68],[-41.36,82.7],[-41.37,82.75],[-44.76,82.88],[-46.14,82.86],[-46.48,82.95],[-46.17,83.06],[-45.41,83.02],[-43.01,83.26],[-41.3,83.1],[-40.36,83.33],[-38.93,83.18],[-38.16,83.0],[-37.93,83.16],[-38.54,83.26],[-38.75,83.37],[-38.07,83.41],[-37.72,83.5],[-36.8,83.47],[-36.61,83.54],[-33.84,83.53],[-32.98,83.6],[-29.95,83.56],[-25.8,83.26],[-31.99,83.09],[-32.03,82.98],[-29.96,83.11],[-27.0,83.07],[-25.12,83.16],[-24.47,82.88],[-22.52,82.79],[-21.69,82.68]]],[[[-55.52,72.57],[-56.21,72.72],[-55.21,72.84],[-55.02,72.79],[-55.52,72.57]]],[[[-45.41,82.58],[-44.75,82.4],[-44.86,82.08],[-45.07,82.07],[-46.75,82.35],[-47.31,82.53],[-47.35,82.6],[-47.27,82.66],[-46.4,82.69],[-45.41,82.58]]]]}},{"type":"Feature","properties":{"kind":"lake"},"geometry":{"type":"MultiPolygon","coordinates":[[[[-94.25,49.47],[-94.65,49.44],[-94.79,49.35],[-94.64,49.35],[-94.46,49.23],[-94.35,49.27],[-94.07,49.16],[-94.31,49.1],[-94.71,48.86],[-95.0,48.96],[-95.18,48.9],[-95.31,48.93],[-95.26,49.14],[-94.98,49.2],[-94.94,49.32],[-95.01,49.37],[-94.65,49.6],[-94.74,49.62],[-95.11,49.46],[-95.15,49.62],[-95.01,49.64],[-94.93,49.58],[-94.82,49.69],[-94.59,49.72],[-94.58,49.81],[-94.68,49.95],[-94.61,49.99],[-94.45,49.74],[-94.31,49.69],[-94.37,49.56],[-94.17,49.5],[-94.04,49.36],[-94.12,49.21],[-94.11,49.26],[-94.28,49.41],[-94.25,49.47]],[[-94.45,49.18],[-94.79,49.19],[-94.73,49.09],[-94.59,49.04],[-94.53,49.04],[-94.45,49.18]]],[[[-99.01,51.11],[-98.99,51.15],[-98.85,51.04],[-98.9,51.19],[-99.03,51.27],[-99.16,51.54],[-99.37,51.64],[-99.53,51.55],[-99.55,51.71],[-99.39,51.78],[-99.22,51.64],[-99.17,51.78],[-98.92,51.4],[-98.97,51.68],[-98.83,51.68],[-98.76,51.59],[-98.75,51.36],[-98.57,51.24],[-98.72,51.09],[-98.74,50.93],[-98.41,50.82],[-98.17,50.66],[-97.97,50.47],[-97.96,50.36],[-98.33,50.2],[-98.52,50.24],[-98.61,50.57],[-99.01,51.11]]],[[[-100.01,51.73],[-100.11,51.89],[-100.17,52.25],[-99.99,52.57],[-100.06,52.76],[-100.29,52.86],[-100.34,52.81],[-100.28,52.78],[-100.28,52.62],[-100.42,52.77],[-100.45,52.95],[-100.6,53.0],[-100.67,52.98],[-100.62,52.89],[-100.68,52.78],[-100.82,52.75],[-100.83,52.81],[-100.99,52.88],[-100.99,52.99],[-101.09,53.1],[-100.96,53.15],[-100.73,53.1],[-100.51,53.17],[-99.68,52.91],[-99.68,52.47],[-99.84,52.24],[-99.74,52.0],[-99.78,51.76],[-99.65,51.84],[-99.62,51.65],[-99.77,51.59],[-99.94,51.72],[-99.9,51.84],[-99.98,52.04],[-100.01,51.73]]],[[[-96.68,50.4],[-96.93,50.46],[-96.98,50.68],[-96.94,51.06],[-96.63,51.32],[-96.73,51.37],[-96.98,51.2],[-96.74,51.55],[-96.83,51.71],[-97.11,51.64],[-97.14,51.5],[-97.25,51.44],[-97.25,51.87],[-97.36,52.04],[-97.57,51.92],[-97.6,51.99],[-97.5,52.13],[-97.74,52.14],[-97.79,51.91],[-97.96,51.93],[-98.19,52.28],[-98.43,52.38],[-98.47,52.49],[-98.81,52.72],[-98.9,52.86],[-98.9,52.92],[-98.46,53.04],[-98.99,53.05],[-99.23,53.19],[-99.2,53.35],[-99.04,53.56],[-98.93,53.87],[-98.3,53.83],[-97.91,53.7],[-98.26,53.91],[-98.3,54.02],[-98.02,54.41],[-97.93,54.38],[-97.98,54.32],[-97.82,54.3],[-98.08,54.2],[-98.21,54.03],[-98.06,53.93],[-98.0,54.0],[-97.73,54.08],[-97.76,54.01],[-97.98,53.97],[-97.83,53.64],[-97.35,53.03],[-97.42,52.96],[-97.4,52.88],[-97.2,52.67],[-96.84,51.87],[-96.71,51.81],[-96.76,51.76],[-96.72,51.7],[-96.29,51.25],[-96.4,51.02],[-96.36,50.69],[-96.29,50.62],[-96.54,50.73],[-96.61,50.55],[-96.58,50.47],[-96.68,50.4]],[[-97.89,52.36],[-97.94,52.53],[-97.99,52.54],[-98.04,52.4],[-97.98,52.32],[-97.89,52.36]],[[-96.71,51.2],[-96.84,51.03],[-96.68,51.04],[-96.6,51.19],[-96.71,51.2]]],[[[-100.6,53.5],[-100.63,53.57],[-100.32,53.59],[-100.43,53.79],[-100.35,53.9],[-100.51,53.92],[-100.3,53.97],[-100.35,54.21],[-100.12,54.25],[-99.87,54.19],[-100.23,54.01],[-100.11,53.97],[-100.14,53.85],[-99.6,54.01],[-99.78,53.84],[-99.91,53.83],[-99.93,53.76],[-100.22,53.63],[-99.98,53.49],[-99.89,53.25],[-99.44,53.34],[-99.33,53.16],[-99.46,53.05],[-99.64,53.19],[-99.97,53.1],[-100.89,53.47],[-100.6,53.5]]],[[[-102.09,57.37],[-101.84,57.27],[-102.03,57.19],[-102.05,57.11],[-101.96,57.02],[-102.18,56.86],[-102.31,56.84],[-102.47,56.61],[-102.89,56.47],[-102.98,56.37],[-103.14,56.41],[-103.27,56.28],[-103.29,56.54],[-103.19,56.56],[-103.11,56.85],[-103.05,56.57],[-102.98,56.56],[-102.57,56.83],[-102.58,57.05],[-102.74,57.1],[-102.69,57.21],[-102.92,57.3],[-102.93,57.36],[-102.69,57.56],[-102.69,57.69],[-102.21,57.93],[-102.05,58.11],[-101.99,58.09],[-101.97,57.96],[-101.82,58.06],[-101.82,57.84],[-101.54,57.92],[-101.54,57.82],[-102.11,57.43],[-102.09,57.37]]],[[[-110.38,58.64],[-110.75,58.61],[-110.81,58.51],[-110.9,58.63],[-111.07,58.5],[-111.1,58.62],[-111.3,58.76],[-111.02,58.76],[-110.48,59.11],[-109.88,59.36],[-109.62,59.54],[-109.4,59.6],[-109.17,59.59],[-109.04,59.5],[-108.8,59.5],[-108.86,59.39],[-108.22,59.47],[-106.02,59.27],[-107.59,59.29],[-107.71,59.34],[-107.84,59.22],[-108.21,59.16],[-109.28,59.13],[-110.07,58.95],[-110.4,58.77],[-110.44,58.72],[-110.38,58.64]]],[[[-109.4,62.74],[-110.28,62.83],[-110.66,62.83],[-111.27,62.66],[-111.27,62.62],[-110.41,62.69],[-109.73,62.65],[-110.1,62.56],[-110.76,62.55],[-110.65,62.48],[-110.7,62.4],[-110.95,62.4],[-111.29,62.28],[-111.59,62.13],[-111.64,62.06],[-111.5,62.05],[-111.62,61.95],[-112.09,61.74],[-112.21,61.62],[-112.97,61.39],[-113.09,61.48],[-113.36,61.44],[-113.68,61.3],[-113.73,61.17],[-113.63,61.11],[-113.83,61.0],[-114.17,61.01],[-115.33,60.84],[-115.88,60.85],[-116.42,60.95],[-116.53,61.03],[-117.23,61.07],[-117.67,61.31],[-117.07,61.15],[-116.74,61.22],[-116.76,61.33],[-115.95,61.18],[-115.98,61.24],[-115.86,61.3],[-116.04,61.38],[-115.72,61.44],[-115.75,61.51],[-115.56,61.74],[-114.85,61.77],[-114.64,61.87],[-114.67,61.93],[-115.03,62.1],[-115.04,62.17],[-115.17,62.24],[-115.29,62.24],[-115.29,62.48],[-115.7,62.49],[-115.99,62.68],[-116.0,62.77],[-115.76,62.72],[-115.72,62.66],[-115.29,62.61],[-114.71,62.38],[-114.28,62.41],[-114.22,62.31],[-114.02,62.27],[-113.57,62.02],[-113.31,62.0],[-112.3,62.13],[-111.78,62.37],[-111.39,62.72],[-110.67,62.93],[-110.06,62.95],[-108.92,62.79],[-109.01,62.69],[-109.25,62.6],[-109.3,62.72],[-109.4,62.74]],[[-112.75,61.76],[-112.69,61.61],[-112.45,61.61],[-111.67,62.12],[-111.83,62.11],[-112.31,61.92],[-113.01,61.81],[-112.75,61.76]]],[[[-101.14,63.43],[-100.71,63.55],[-100.64,63.47],[-100.77,63.32],[-101.04,63.29],[-101.1,63.1],[-100.88,63.01],[-100.88,62.96],[-101.06,62.86],[-101.03,62.76],[-101.29,62.67],[-101.38,62.68],[-101.32,62.83],[-101.38,62.93],[-101.53,62.66],[-101.59,62.78],[-102.03,62.92],[-102.16,63.16],[-101.81,63.27],[-101.55,63.46],[-101.32,63.39],[-101.33,63.47],[-101.28,63.49],[-101.14,63.43]]],[[[-117.92,66.04],[-118.07,66.04],[-118.2,65.91],[-118.16,65.83],[-117.85,65.84],[-117.94,65.72],[-118.57,65.64],[-118.94,65.78],[-119.62,65.78],[-119.99,65.59],[-119.51,65.37],[-119.89,65.32],[-120.16,65.18],[-121.23,64.83],[-121.37,64.83],[-121.48,64.93],[-121.09,65.0],[-120.55,65.29],[-120.41,65.41],[-120.38,65.56],[-120.66,65.61],[-121.37,65.43],[-121.55,65.36],[-121.62,65.09],[-122.04,64.96],[-123.47,65.15],[-122.85,65.28],[-122.77,65.41],[-122.89,65.49],[-122.37,65.66],[-122.16,65.82],[-122.55,65.99],[-121.47,65.96],[-121.29,66.0],[-121.28,66.09],[-122.11,66.23],[-123.02,66.26],[-122.99,66.17],[-123.12,66.05],[-123.4,66.14],[-124.5,66.15],[-124.59,66.11],[-124.59,66.02],[-124.73,66.04],[-124.82,65.94],[-125.09,66.16],[-125.06,66.25],[-121.98,66.64],[-121.23,66.83],[-119.88,67.03],[-119.1,66.91],[-119.57,66.75],[-120.08,66.65],[-120.48,66.42],[-119.72,66.31],[-118.76,66.33],[-118.34,66.4],[-118.0,66.6],[-117.73,66.66],[-117.69,66.6],[-117.86,66.44],[-117.51,66.46],[-117.67,66.34],[-117.68,66.25],[-117.99,66.11],[-117.92,66.04]]],[[[-69.85,-15.92],[-70.01,-15.83],[-69.96,-15.65],[-69.8,-15.69],[-69.94,-15.4],[-69.74,-15.27],[-69.36,-15.51],[-69.3,-15.62],[-69.04,-15.8],[-68.99,-15.93],[-68.8,-15.97],[-68.87,-16.14],[-68.59,-16.24],[-68.59,-16.29],[-68.91,-16.42],[-68.86,-16.55],[-68.9,-16.59],[-69.1,-16.48],[-69.04,-16.28],[-68.89,-16.21],[-69.08,-16.08],[-69.18,-16.25],[-69.48,-16.18],[-69.45,-16.03],[-69.83,-15.82],[-69.85,-15.92]]],[[[-85.68,11.32],[-85.9,11.7],[-85.87,12.1],[-85.68,12.06],[-85.26,11.78],[-84.77,11.12],[-84.9,11.04],[-85.41,11.17],[-85.68,11.32]]],[[[-82.51,41.93],[-82.41,42.1],[-81.87,42.32],[-81.87,42.26],[-81.73,42.45],[-81.4,42.63],[-81.04,42.66],[-80.09,42.55],[-80.45,42.61],[-80.1,42.8],[-79.06,42.86],[-78.92,42.92],[-79.04,43.02],[-79.07,43.11],[-78.89,43.06],[-78.88,42.8],[-79.21,42.56],[-80.33,42.04],[-81.23,41.77],[-81.72,41.51],[-82.12,41.49],[-82.48,41.4],[-82.64,41.47],[-83.03,41.45],[-82.7,41.52],[-82.83,41.58],[-82.96,41.54],[-83.46,41.74],[-83.18,42.05],[-83.14,42.23],[-83.08,42.28],[-83.11,42.07],[-82.83,42.0],[-82.65,42.04],[-82.51,41.93]],[[-78.92,43.05],[-79.01,43.05],[-79.01,43.0],[-78.92,43.05]],[[-82.65,41.83],[-82.68,41.74],[-82.64,41.75],[-82.65,41.83]]],[[[-76.07,44.0],[-76.2,43.87],[-76.28,43.87],[-76.2,43.57],[-76.96,43.26],[-77.53,43.27],[-78.17,43.39],[-78.69,43.36],[-79.34,43.2],[-79.77,43.3],[-79.57,43.58],[-79.06,43.84],[-77.68,44.04],[-77.5,43.96],[-77.19,43.95],[-77.21,43.88],[-77.05,43.88],[-76.88,43.94],[-77.04,43.95],[-76.86,44.1],[-77.1,44.05],[-77.12,44.17],[-77.3,44.1],[-77.33,44.15],[-77.58,44.09],[-77.25,44.19],[-76.9,44.19],[-77.06,44.09],[-76.99,44.07],[-76.69,44.22],[-76.06,44.37],[-75.83,44.49],[-75.78,44.46],[-76.35,44.11],[-76.31,44.04],[-76.17,44.08],[-76.19,44.0],[-76.07,44.0]],[[-76.76,44.17],[-76.81,44.14],[-76.73,44.13],[-76.64,44.18],[-76.76,44.17]],[[-76.23,44.03],[-76.26,44.02],[-76.26,43.99],[-76.23,44.03]],[[-76.43,44.23],[-76.48,44.13],[-76.42,44.12],[-76.23,44.25],[-76.43,44.23]],[[-76.12,44.31],[-76.15,44.28],[-76.11,44.28],[-76.08,44.31],[-76.12,44.31]]],[[[-85.38,45.28],[-85.39,45.03],[-85.55,44.77],[-85.49,44.99],[-85.59,44.82],[-85.65,44.84],[-85.57,45.21],[-85.86,44.96],[-86.06,44.92],[-86.13,44.75],[-86.26,44.7],[-86.3,44.33],[-86.52,44.07],[-86.44,43.81],[-86.54,43.64],[-86.22,42.9],[-86.3,42.42],[-86.69,41.85],[-87.16,41.65],[-87.48,41.7],[-87.8,42.21],[-87.78,42.75],[-87.89,43.01],[-87.9,43.24],[-87.7,43.72],[-87.7,43.98],[-87.53,44.17],[-87.53,44.39],[-87.34,44.78],[-87.42,44.87],[-87.6,44.85],[-87.97,44.55],[-88.03,44.62],[-87.95,44.76],[-87.83,44.94],[-87.63,45.03],[-87.59,45.18],[-87.11,45.69],[-86.98,45.92],[-86.94,45.7],[-86.75,45.86],[-86.56,45.88],[-86.56,45.81],[-86.69,45.7],[-86.62,45.62],[-86.27,45.94],[-85.91,45.94],[-85.39,46.11],[-84.97,45.99],[-84.76,45.86],[-84.77,45.79],[-84.98,45.77],[-85.09,45.61],[-85.09,45.51],[-84.93,45.41],[-85.38,45.28]],[[-85.61,45.66],[-85.59,45.6],[-85.49,45.66],[-85.54,45.78],[-85.61,45.66]],[[-86.02,45.09],[-85.98,45.1],[-86.0,45.15],[-86.06,45.15],[-86.02,45.09]],[[-86.95,45.35],[-86.86,45.35],[-86.86,45.41],[-86.94,45.43],[-86.95,45.35]],[[-87.08,45.15],[-86.99,45.28],[-87.09,45.28],[-87.4,44.95],[-87.35,44.84],[-87.28,44.83],[-87.06,45.1],[-87.08,45.15]]],[[[-83.84,46.3],[-83.03,46.18],[-82.35,46.19],[-81.77,46.1],[-81.77,46.06],[-81.62,46.12],[-81.54,46.07],[-81.64,46.04],[-81.6,45.97],[-81.17,46.02],[-81.1,45.94],[-80.82,45.95],[-80.51,45.59],[-80.41,45.62],[-80.35,45.4],[-80.18,45.34],[-80.18,45.4],[-80.06,45.37],[-80.12,45.22],[-80.01,45.15],[-80.09,45.11],[-79.83,44.94],[-79.77,44.82],[-79.7,44.88],[-79.68,44.77],[-79.83,44.77],[-79.93,44.86],[-80.11,44.81],[-80.0,44.65],[-80.08,44.49],[-80.46,44.58],[-80.67,44.73],[-80.91,44.62],[-80.9,44.78],[-81.13,44.77],[-80.97,44.97],[-81.13,44.92],[-81.26,45.03],[-81.29,45.24],[-81.7,45.25],[-81.36,44.98],[-81.28,44.64],[-81.71,44.13],[-81.71,43.47],[-81.78,43.33],[-82.18,43.09],[-82.42,43.02],[-82.66,43.85],[-82.88,44.05],[-82.99,44.06],[-83.38,43.92],[-83.35,43.88],[-83.47,43.73],[-83.67,43.62],[-83.94,43.74],[-83.88,43.96],[-83.61,44.06],[-83.51,44.27],[-83.33,44.38],[-83.3,44.79],[-83.45,44.99],[-83.43,45.06],[-83.28,45.05],[-83.48,45.34],[-84.76,45.79],[-84.72,45.96],[-84.63,46.05],[-84.52,45.99],[-83.9,45.98],[-84.05,46.16],[-84.25,46.2],[-84.23,46.37],[-84.36,46.5],[-84.17,46.56],[-84.09,46.51],[-84.09,46.36],[-83.84,46.3]],[[-83.39,45.99],[-83.45,45.88],[-83.33,45.88],[-83.27,45.95],[-83.39,45.99]],[[-83.52,45.96],[-83.58,46.08],[-83.68,46.11],[-83.71,46.04],[-83.88,45.99],[-83.52,45.96]],[[-83.81,46.17],[-83.89,46.28],[-84.1,46.29],[-83.98,46.11],[-83.81,46.17]],[[-84.18,46.28],[-84.12,46.25],[-84.14,46.31],[-84.18,46.28]],[[-84.13,46.36],[-84.14,46.53],[-84.22,46.54],[-84.27,46.49],[-84.13,46.36]],[[-84.56,45.82],[-84.44,45.73],[-84.37,45.77],[-84.42,45.81],[-84.56,45.82]],[[-81.98,45.57],[-81.88,45.54],[-81.75,45.59],[-81.59,45.79],[-81.69,45.8],[-81.7,45.89],[-81.8,45.74],[-81.94,45.98],[-82.14,45.87],[-82.33,45.98],[-82.53,45.94],[-82.58,45.9],[-82.53,45.81],[-82.76,45.86],[-82.85,45.99],[-83.22,45.93],[-82.94,45.81],[-82.63,45.77],[-82.06,45.56],[-81.76,45.7],[-81.98,45.57]],[[-81.83,45.5],[-81.83,45.47],[-81.73,45.5],[-81.83,45.5]],[[-80.17,44.86],[-80.24,44.86],[-80.22,44.82],[-80.17,44.86]]],[[[-85.01,46.78],[-85.62,46.69],[-86.13,46.69],[-86.64,46.45],[-87.03,46.54],[-87.36,46.52],[-87.64,46.83],[-87.78,46.89],[-88.22,46.95],[-88.45,46.8],[-88.47,47.01],[-88.63,47.17],[-88.65,47.23],[-89.35,46.88],[-89.7,46.84],[-90.47,46.58],[-90.74,46.69],[-90.94,46.62],[-90.77,46.91],[-90.84,46.96],[-91.84,46.7],[-92.11,46.76],[-90.85,47.59],[-89.83,47.9],[-89.35,48.12],[-89.2,48.45],[-88.77,48.58],[-88.93,48.34],[-88.73,48.38],[-88.5,48.83],[-88.4,48.84],[-88.32,48.74],[-88.57,48.53],[-88.56,48.45],[-88.44,48.56],[-88.23,48.6],[-88.11,48.78],[-88.26,48.97],[-88.07,49.0],[-87.22,48.78],[-86.69,48.81],[-86.43,48.76],[-86.28,48.6],[-86.1,48.21],[-85.91,48.03],[-85.61,47.94],[-84.85,47.95],[-85.01,47.64],[-84.59,47.32],[-84.78,47.0],[-84.62,46.92],[-84.39,46.91],[-84.38,46.85],[-84.55,46.81],[-84.54,46.7],[-84.44,46.72],[-84.57,46.54],[-84.5,46.48],[-84.34,46.53],[-84.53,46.44],[-85.03,46.51],[-84.97,46.77],[-85.01,46.78]],[[-90.72,46.92],[-90.71,46.93],[-90.74,46.96],[-90.72,46.92]],[[-90.62,46.87],[-90.79,46.77],[-90.71,46.78],[-90.62,46.87]],[[-90.65,46.94],[-90.65,46.92],[-90.55,46.92],[-90.65,46.94]],[[-90.45,47.07],[-90.47,47.02],[-90.43,47.03],[-90.45,47.07]],[[-88.09,48.81],[-88.03,48.72],[-87.82,48.77],[-87.77,48.84],[-88.09,48.81]],[[-88.97,47.88],[-88.48,48.17],[-89.15,47.95],[-89.2,47.85],[-88.97,47.88]],[[-88.62,47.17],[-88.43,47.12],[-88.42,47.19],[-88.41,47.13],[-88.47,47.05],[-88.4,47.02],[-87.97,47.35],[-88.02,47.39],[-87.74,47.43],[-87.99,47.48],[-88.32,47.42],[-88.56,47.27],[-88.62,47.17]],[[-87.62,48.76],[-87.67,48.82],[-87.75,48.83],[-87.73,48.75],[-87.62,48.76]],[[-85.6,47.76],[-85.77,47.81],[-85.95,47.75],[-85.86,47.72],[-85.6,47.76]]],[[[-88.62,49.43],[-88.77,49.46],[-88.61,49.65],[-88.96,49.5],[-89.02,49.57],[-88.91,49.58],[-88.93,49.75],[-89.01,49.71],[-89.09,49.78],[-89.07,49.82],[-88.95,49.81],[-88.89,50.06],[-88.64,50.28],[-88.31,50.15],[-88.42,50.29],[-88.23,50.21],[-88.17,50.13],[-88.23,49.99],[-88.13,50.04],[-88.03,49.98],[-88.11,49.93],[-88.18,49.47],[-88.41,49.39],[-88.54,49.55],[-88.62,49.43]],[[-88.64,49.92],[-88.55,50.04],[-88.63,50.04],[-88.75,49.87],[-88.59,49.8],[-88.64,49.92]],[[-88.37,49.69],[-88.49,49.66],[-88.49,49.61],[-88.4,49.62],[-88.37,49.69]]],[[[-72.05,64.91],[-71.82,64.91],[-71.87,64.84],[-71.75,64.82],[-71.51,64.91],[-71.64,64.98],[-71.55,65.08],[-71.69,65.24],[-71.67,65.31],[-71.74,65.41],[-70.69,65.02],[-70.38,64.72],[-70.48,64.66],[-70.39,64.59],[-70.72,64.62],[-70.64,64.71],[-71.0,64.79],[-71.22,64.64],[-71.56,64.61],[-71.9,64.73],[-72.05,64.91]]],[[[-70.46,66.75],[-69.49,66.58],[-69.47,66.55],[-69.65,66.44],[-69.25,66.45],[-69.22,66.41],[-69.59,66.2],[-69.98,66.26],[-70.38,66.19],[-70.62,66.28],[-71.23,65.95],[-71.32,65.99],[-71.18,66.08],[-71.13,66.33],[-71.42,66.63],[-71.21,66.86],[-71.23,67.0],[-71.0,67.02],[-70.83,66.99],[-70.46,66.75]]]]}}]}